-4.143452	5.342044	-4.162748	5.309044	3
-4.143452	5.342044	-4.115737	5.323931	3
-3.913602	5.341612	-3.9465	5.334642	2
-3.496235	6.72941	-3.485944	6.729422	19
-3.496235	6.72941	-3.489765	6.739238	5
-3.496235	6.72941	-3.495588	6.715023	12
-3.496235	6.72941	-3.508544	6.740343	2
-3.496235	6.72941	-3.512154	6.734689	7
-3.496235	6.72941	-3.470933	6.720536	8
-3.496235	6.72941	-3.514883	6.721583	3
-3.485944	6.729422	-3.495588	6.715023	1
-3.485944	6.729422	-3.470933	6.720536	3
-3.485944	6.729422	-3.508544	6.740343	1
-3.485944	6.729422	-3.489765	6.739238	6
-3.485944	6.729422	-3.496235	6.72941	15
-4.014445	5.42112	-4.051118	5.446725	1
-4.014445	5.42112	-4.010147	5.42625	7
-4.014445	5.42112	-4.025898	5.414137	1
-4.014445	5.42112	-4.018149	5.431777	7
-4.014445	5.42112	-4.01321	5.413054	5
-4.014445	5.42112	-4.028116	5.426486	1
-4.014445	5.42112	-4.005636	5.414592	3
-4.014445	5.42112	-3.994769	5.432752	1
-4.014445	5.42112	-4.02162	5.419177	2
-4.014445	5.42112	-4.019121	5.42385	10
-4.014445	5.42112	-4.005653	5.406751	2
-4.014445	5.42112	-4.010331	5.433724	3
-4.014445	5.42112	-4.007219	5.418145	1
-4.014445	5.42112	-4.012103	5.409001	1
-4.0216	5.446905	-4.029536	5.446151	5
-4.0216	5.446905	-4.017303	5.446589	6
-4.0216	5.446905	-4.024204	5.438757	2
-4.0216	5.446905	-4.013611	5.438612	2
-4.0216	5.446905	-4.054454	5.452798	2
-4.0216	5.446905	-4.011552	5.450978	1
-4.0216	5.446905	-4.015951	5.433888	1
-4.006585	5.435913	-4.010147	5.42625	1
-4.006585	5.435913	-3.994769	5.432752	1
-4.006585	5.435913	-3.992448	5.436594	3
-4.006585	5.435913	-4.013611	5.438612	1
-4.006585	5.435913	-4.010331	5.433724	5
-4.006585	5.435913	-4.012899	5.443486	1
-4.018753	5.420699	-4.019121	5.42385	1
-3.997226	5.417191	-3.994769	5.432752	2
-3.997226	5.417191	-3.992217	5.406264	1
-3.997226	5.417191	-3.99805	5.407898	4
-3.997226	5.417191	-3.987618	5.419455	9
-3.997226	5.417191	-3.999674	5.423816	3
-3.997226	5.417191	-3.988129	5.426968	1
-3.997226	5.417191	-3.989324	5.394109	1
-3.99805	5.407898	-3.991798	5.379097	1
-3.99805	5.407898	-4.000592	5.411181	7
-3.99805	5.407898	-3.992217	5.406264	8
-3.99805	5.407898	-3.997226	5.417191	3
-3.99805	5.407898	-3.99997	5.403825	2
-3.211737	5.469107	-3.198878	5.483006	12
-3.211737	5.469107	-3.204099	5.46974	16
-3.211737	5.469107	-3.267292	5.422211	1
-4.095467	6.66473	-4.126935	6.695834	2
-3.164583	5.29179	-3.312813	5.30441	1
-3.164583	5.29179	-3.08964	5.373443	1
-4.110951	5.315826	-4.111146	5.325874	7
-4.110951	5.315826	-4.098707	5.321568	1
-4.110951	5.315826	-4.115737	5.323931	6
-4.110951	5.315826	-4.088099	5.307023	1
-3.267292	5.422211	-3.211824	5.390026	1
-3.267292	5.422211	-3.357625	5.486608	2
-3.267292	5.422211	-3.211737	5.469107	1
-4.643405	5.175587	-4.80471	5.149611	2
-4.643405	5.175587	-4.536995	5.300141	2
-4.025873	5.349383	-4.021516	5.337642	1
-4.025873	5.349383	-4.022785	5.348971	1
-4.025873	5.349383	-4.023901	5.333848	1
-4.025873	5.349383	-4.036388	5.347707	3
-4.025873	5.349383	-4.031213	5.346444	1
-3.886351	5.241777	-3.900311	5.242825	20
-3.886351	5.241777	-3.912997	5.24845	2
-3.886351	5.241777	-3.907973	5.249202	3
-3.886351	5.241777	-3.909364	5.239959	1
-3.886351	5.241777	-3.850767	5.234282	3
-3.854787	6.091386	-3.861475	6.123827	11
-3.389103	6.65709	-3.415245	6.560297	1
-3.389103	6.65709	-3.2737	6.655242	1
-4.030648	5.362591	-4.019145	5.360715	1
-4.030648	5.362591	-4.03299	5.354488	1
-4.030648	5.362591	-4.021973	5.366494	1
-4.030648	5.362591	-4.025338	5.377405	1
-4.210628	5.92858	-4.20603	5.977015	7
-4.210628	5.92858	-4.217436	5.928619	17
-4.023072	5.323831	-4.039695	5.327666	1
-4.023072	5.323831	-4.026684	5.328545	1
-4.023072	5.323831	-4.025588	5.32152	1
-3.953847	5.362749	-3.951586	5.370134	5
-3.953847	5.362749	-3.956538	5.370529	1
-3.953847	5.362749	-3.961963	5.349939	1
-3.953847	5.362749	-3.968842	5.355836	2
-3.953847	5.362749	-3.986897	5.352943	1
-3.953847	5.362749	-3.968872	5.392038	1
-3.953847	5.362749	-3.957371	5.358006	2
-3.953847	5.362749	-3.966466	5.370573	2
-3.953847	5.362749	-3.970887	5.36474	1
-4.217436	5.928619	-4.20603	5.977015	6
-4.217436	5.928619	-4.210628	5.92858	20
-4.480228	6.48586	-4.410055	6.495486	1
-3.204848	7.127898	-3.204733	7.143858	24
-3.944274	5.979019	-3.97072	6.02429	1
-3.855413	6.358537	-3.886707	6.379913	5
-4.938259	6.257808	-4.986808	6.369647	1
-5.312954	7.65729	-5.149748	7.610253	1
-5.057637	7.682969	-5.060519	7.705747	6
-5.057637	7.682969	-5.075063	7.667443	8
-5.057637	7.682969	-5.046261	7.671804	13
-3.802443	5.477023	-3.738898	5.390224	1
-5.023201	7.661988	-5.01455	7.67953	5
-5.023201	7.661988	-5.031158	7.681516	1
-5.023201	7.661988	-5.027187	7.651894	1
-5.023201	7.661988	-5.046261	7.671804	1
-3.960562	5.289332	-3.967119	5.299439	1
-3.960562	5.289332	-3.948415	5.291229	2
-3.960562	5.289332	-3.963821	5.304552	1
-4.011552	5.450978	-4.017303	5.446589	6
-4.011552	5.450978	-4.012899	5.443486	4
-4.011552	5.450978	-4.013611	5.438612	3
-4.039695	5.327666	-4.026684	5.328545	1
-4.039695	5.327666	-4.023901	5.333848	2
-4.039695	5.327666	-4.045457	5.340968	4
-4.039695	5.327666	-4.036388	5.347707	1
-4.039695	5.327666	-4.057111	5.333743	1
-4.039695	5.327666	-4.044807	5.32148	4
-4.039695	5.327666	-4.028446	5.330621	1
-4.039695	5.327666	-4.049699	5.332281	1
-4.039695	5.327666	-4.047327	5.330121	3
-5.074323	7.234814	-5.13613	7.260168	1
-5.326043	6.839458	-5.278736	6.867756	1
-5.326043	6.839458	-5.270035	6.807758	1
-5.326043	6.839458	-5.29165	6.824332	1
-3.940107	5.35375	-3.922745	5.358844	6
-3.940107	5.35375	-3.953847	5.362749	1
-3.940107	5.35375	-3.946385	5.34052	4
-3.940107	5.35375	-3.92971	5.391959	1
-3.940107	5.35375	-3.936097	5.373825	2
-5.502224	6.346656	-5.419338	6.403413	2
-3.886707	6.379913	-3.888342	6.387691	2
-3.886707	6.379913	-3.855413	6.358537	3
-4.362966	5.206767	-4.410116	5.209258	3
-3.850767	5.234282	-3.761142	5.210271	2
-3.850767	5.234282	-3.886351	5.241777	3
-3.961963	5.349939	-3.954244	5.346763	1
-3.961963	5.349939	-3.968803	5.348878	5
-3.961963	5.349939	-3.957371	5.358006	1
-3.961963	5.349939	-3.953847	5.362749	1
-4.069722	5.326284	-4.078347	5.318462	1
-4.069722	5.326284	-4.073926	5.329682	5
-4.069722	5.326284	-4.088085	5.321261	1
-4.069722	5.326284	-4.065106	5.331971	2
-4.069722	5.326284	-4.060124	5.318207	2
-4.069722	5.326284	-4.059708	5.328403	1
-4.069722	5.326284	-4.07045	5.322654	9
-3.957629	5.310841	-3.94374	5.309186	2
-3.957629	5.310841	-3.947516	5.310266	9
-3.957629	5.310841	-3.963821	5.304552	1
-3.957629	5.310841	-3.962161	5.297789	2
-3.957629	5.310841	-3.982461	5.331994	1
-3.957629	5.310841	-3.937196	5.306728	1
-3.957629	5.310841	-3.953466	5.302947	1
-3.957629	5.310841	-3.95544	5.296296	6
-3.957629	5.310841	-3.967119	5.299439	1
-3.957629	5.310841	-3.971989	5.311081	2
-4.088085	5.321261	-4.078347	5.318462	6
-4.088085	5.321261	-4.088784	5.312996	8
-4.088085	5.321261	-4.073926	5.329682	3
-4.088085	5.321261	-4.101965	5.32932	1
-4.088085	5.321261	-4.080665	5.323305	5
-4.088085	5.321261	-4.089827	5.33062	10
-4.088085	5.321261	-4.09802	5.316675	3
-4.088085	5.321261	-4.07045	5.322654	1
-4.088085	5.321261	-4.08068	5.271017	1
-3.960988	5.363379	-3.966466	5.370573	4
-3.960988	5.363379	-3.953847	5.362749	1
-3.960988	5.363379	-3.964356	5.360864	3
-3.960988	5.363379	-3.956538	5.370529	2
-3.960988	5.363379	-3.957371	5.358006	1
-3.576687	6.822775	-3.508544	6.740343	1
-3.97537	5.303743	-3.970385	5.303291	2
-3.97537	5.303743	-3.973681	5.302463	6
-3.97537	5.303743	-3.976474	5.308242	6
-3.97537	5.303743	-3.977307	5.299651	4
-3.97537	5.303743	-3.967119	5.299439	1
-5.973374	6.121154	-6.056476	6.116848	2
-5.973374	6.121154	-5.933819	6.116618	3
-5.973374	6.121154	-5.94227	6.130722	3
-5.973374	6.121154	-5.956072	6.13905	1
-5.973374	6.121154	-5.94555	6.148645	1
-4.020957	5.396149	-4.025898	5.414137	1
-4.020957	5.396149	-4.01503	5.374694	1
-4.020957	5.396149	-4.018453	5.384969	7
-4.020957	5.396149	-4.012103	5.409001	1
-4.099931	5.34533	-4.092211	5.349731	2
-4.470855	6.076311	-4.32055	6.08949	1
-3.765255	6.230481	-3.804281	6.251303	2
-4.006379	5.342979	-4.021516	5.337642	2
-4.006379	5.342979	-3.997956	5.335125	1
-4.006379	5.342979	-4.009713	5.34732	6
-4.006379	5.342979	-4.0264	5.341349	1
-5.557924	7.485534	-5.392878	7.352591	1
-4.067051	5.366841	-4.066507	5.361046	1
-4.067051	5.366841	-4.072201	5.356907	1
-4.067051	5.366841	-4.054213	5.356424	3
-3.984856	5.404333	-3.994207	5.396479	2
-3.984856	5.404333	-3.981421	5.398935	1
-3.984856	5.404333	-3.979221	5.408609	12
-3.984856	5.404333	-3.992217	5.406264	9
-3.984856	5.404333	-3.988129	5.426968	1
-3.984856	5.404333	-3.987618	5.419455	3
-3.984856	5.404333	-3.970119	5.372886	1
-3.984856	5.404333	-3.989324	5.394109	4
-3.984856	5.404333	-3.978407	5.402154	15
-4.010147	5.42625	-4.010331	5.433724	3
-4.010147	5.42625	-4.014445	5.42112	7
-4.010147	5.42625	-4.005636	5.414592	1
-4.010147	5.42625	-3.994769	5.432752	1
-4.010147	5.42625	-3.999674	5.423816	1
-5.029667	6.681041	-4.986808	6.369647	1
-5.029667	6.681041	-5.151122	6.660933	1
-3.987795	5.387504	-3.991798	5.379097	9
-3.987795	5.387504	-3.994207	5.396479	1
-3.987795	5.387504	-3.979273	5.366714	1
-3.987795	5.387504	-3.992217	5.406264	1
-3.987795	5.387504	-3.977956	5.390427	1
-3.987795	5.387504	-3.988129	5.426968	1
-3.987795	5.387504	-3.998567	5.386569	10
-3.987795	5.387504	-3.978407	5.402154	2
-3.987795	5.387504	-3.983911	5.381465	1
-3.987795	5.387504	-3.989324	5.394109	3
-3.987795	5.387504	-3.981818	5.393693	3
-3.968803	5.348878	-3.976829	5.351453	2
-3.968803	5.348878	-3.972668	5.338835	1
-3.968803	5.348878	-3.961963	5.349939	4
-3.968803	5.348878	-3.968842	5.355836	5
-3.968803	5.348878	-3.935408	5.363574	1
-3.968803	5.348878	-3.977899	5.345458	9
-3.968803	5.348878	-3.954244	5.346763	1
-3.968803	5.348878	-3.964356	5.360864	1
-3.968803	5.348878	-3.961623	5.344896	1
-3.968803	5.348878	-3.957371	5.358006	3
-3.972668	5.338835	-3.968803	5.348878	1
-3.972668	5.338835	-3.982461	5.331994	1
-3.972668	5.338835	-3.979848	5.339804	2
-3.972668	5.338835	-3.977899	5.345458	13
-3.972668	5.338835	-3.976629	5.353939	1
-3.972668	5.338835	-3.960442	5.336617	1
-3.963821	5.304552	-3.970385	5.303291	4
-3.963821	5.304552	-3.962161	5.297789	1
-3.963821	5.304552	-3.948061	5.301857	2
-3.963821	5.304552	-3.957629	5.310841	1
-3.963821	5.304552	-3.967119	5.299439	12
-3.963821	5.304552	-3.971989	5.311081	2
-4.049611	5.493694	-3.983764	5.545714	6
-4.049611	5.493694	-4.088991	5.526551	3
-4.049611	5.493694	-4.055803	5.489903	26
-4.049611	5.493694	-4.055642	5.476997	8
-4.049611	5.493694	-4.054094	5.471627	2
-3.17258	5.98135	-3.186495	6.087522	1
-3.354502	6.986765	-3.229693	6.964909	1
-4.007751	5.329997	-4.004623	5.311905	2
-4.007751	5.329997	-4.004406	5.340151	1
-4.007751	5.329997	-3.997956	5.335125	1
-4.007751	5.329997	-3.998233	5.324333	1
-3.761142	5.210271	-3.630282	5.252063	1
-3.761142	5.210271	-3.734598	5.20874	1
-3.761142	5.210271	-3.741038	5.216546	24
-3.761142	5.210271	-3.725257	5.19271	1
-3.761142	5.210271	-3.741967	5.208949	2
-5.149748	7.610253	-5.312954	7.65729	1
-5.149748	7.610253	-5.075063	7.667443	1
-5.392878	7.352591	-5.284679	7.451474	2
-5.392878	7.352591	-5.557924	7.485534	2
-4.984303	6.49995	-4.986808	6.369647	1
-4.08183	5.331853	-4.08849	5.333922	5
-4.08183	5.331853	-4.073871	5.333064	8
-4.08183	5.331853	-4.073926	5.329682	18
-4.08183	5.331853	-4.080665	5.323305	3
-4.08183	5.331853	-4.089827	5.33062	5
-4.08183	5.331853	-4.07382	5.342848	1
-5.118239	6.783518	-5.148806	6.84095	3
-3.983764	5.545714	-4.049611	5.493694	7
-3.983764	5.545714	-3.975797	5.418142	2
-3.983764	5.545714	-4.045033	5.632944	1
-3.979273	5.366714	-3.994207	5.396479	1
-3.979273	5.366714	-3.968803	5.348878	1
-3.979273	5.366714	-3.972668	5.338835	1
-3.979273	5.366714	-3.989137	5.363434	7
-3.979273	5.366714	-3.970119	5.372886	2
-3.979273	5.366714	-3.964356	5.360864	1
-3.979273	5.366714	-3.976629	5.353939	1
-3.979273	5.366714	-3.978126	5.37435	1
-3.979273	5.366714	-3.983911	5.381465	5
-3.979273	5.366714	-3.975456	5.363771	3
-3.979273	5.366714	-3.990324	5.372785	7
-5.250039	6.802218	-5.270035	6.807758	1
-5.250039	6.802218	-5.215331	6.761555	1
-5.250039	6.802218	-5.260561	6.788305	3
-5.250039	6.802218	-5.243342	6.822054	2
-7.564386	9.502505	-7.523694	9.529498	3
-4.088991	5.526551	-4.049611	5.493694	4
-4.088991	5.526551	-4.055803	5.489903	1
-4.088784	5.312996	-4.078347	5.318462	2
-4.088784	5.312996	-4.106697	5.33492	1
-4.088784	5.312996	-4.088085	5.321261	7
-4.088784	5.312996	-4.08068	5.271017	3
-4.088784	5.312996	-4.09802	5.316675	2
-4.088784	5.312996	-4.088099	5.307023	1
-6.65866	4.76788	-6.644531	4.761053	9
-6.65866	4.76788	-6.66898	4.772571	7
-6.65866	4.76788	-6.678872	4.762784	2
-6.65866	4.76788	-6.651274	4.778034	6
-5.94555	6.148645	-5.94227	6.130722	4
-5.94555	6.148645	-5.956072	6.13905	4
-5.94555	6.148645	-5.973374	6.121154	1
-5.356928	5.842847	-5.358733	5.827758	7
-5.356928	5.842847	-5.361033	5.852308	8
-5.356928	5.842847	-5.365853	5.835745	5
-4.057111	5.333743	-4.059708	5.328403	5
-4.057111	5.333743	-4.057114	5.339667	30
-4.057111	5.333743	-4.049699	5.332281	9
-4.057111	5.333743	-4.067936	5.346604	1
-4.057111	5.333743	-4.064482	5.337499	1
-3.88921	5.346685	-3.869922	5.348026	11
-3.88921	5.346685	-3.889793	5.355916	23
-3.88921	5.346685	-3.908197	5.368849	1
-3.88921	5.346685	-3.9465	5.334642	1
-6.003071	5.414547	-6.038795	5.308711	3
-4.306268	6.701733	-4.286104	6.77575	1
-5.625662	9.474096	-5.640454	9.444401	1
-5.625662	9.474096	-5.630547	9.453492	21
-5.625662	9.474096	-5.623402	9.420328	2
-5.625662	9.474096	-5.649694	9.460815	2
-4.073871	5.333064	-4.08849	5.333922	1
-4.073871	5.333064	-4.074105	5.330317	1
-4.073871	5.333064	-4.069722	5.326284	1
-4.073871	5.333064	-4.073926	5.329682	40
-4.073871	5.333064	-4.020806	5.330888	1
-4.073871	5.333064	-4.089827	5.33062	3
-4.073871	5.333064	-4.064482	5.337499	2
-4.073871	5.333064	-4.065106	5.331971	3
-4.073871	5.333064	-4.07382	5.342848	13
-4.073871	5.333064	-4.08183	5.331853	8
-4.073871	5.333064	-4.088099	5.307023	1
-4.022178	5.347719	-4.020374	5.347431	1
-4.022178	5.347719	-4.022785	5.348971	1
-3.962161	5.297789	-3.95544	5.296296	2
-3.962161	5.297789	-3.967119	5.299439	5
-3.962161	5.297789	-3.957629	5.310841	1
-3.962161	5.297789	-3.947516	5.310266	1
-3.962161	5.297789	-3.963821	5.304552	2
-6.66898	4.772571	-6.678872	4.762784	11
-6.66898	4.772571	-6.65866	4.76788	5
-6.66898	4.772571	-6.651274	4.778034	1
-6.66898	4.772571	-6.639379	4.803877	1
-6.66898	4.772571	-6.622706	4.74054	1
-6.66898	4.772571	-6.649482	4.725307	1
-4.091508	5.338455	-4.08849	5.333922	8
-4.091508	5.338455	-4.053861	5.325659	1
-4.091508	5.338455	-4.094236	5.334197	1
-4.091508	5.338455	-4.098681	5.341738	7
-4.091508	5.338455	-4.073444	5.339271	1
-5.29165	6.824332	-5.270035	6.807758	6
-5.29165	6.824332	-5.275967	6.818977	7
-5.29165	6.824332	-5.274026	6.825037	1
-5.29165	6.824332	-5.28663	6.799785	2
-5.29165	6.824332	-5.257207	6.840956	3
-5.29165	6.824332	-5.29597	6.847863	1
-3.741967	5.208949	-3.734598	5.20874	10
-3.741967	5.208949	-3.741038	5.216546	12
-3.741967	5.208949	-3.726429	5.228471	1
-3.599589	5.275466	-3.596764	5.261879	2
-3.599589	5.275466	-3.597292	5.2825	1
-4.005653	5.406751	-4.014445	5.42112	1
-4.005653	5.406751	-4.006083	5.402037	6
-4.005653	5.406751	-4.005636	5.414592	2
-4.005653	5.406751	-4.000592	5.411181	6
-4.005653	5.406751	-4.004014	5.396899	1
-3.981183	5.347603	-3.986897	5.352943	2
-3.981183	5.347603	-3.968803	5.348878	1
-3.981183	5.347603	-3.982461	5.331994	1
-3.981183	5.347603	-3.979848	5.339804	3
-3.981183	5.347603	-3.977899	5.345458	11
-3.981183	5.347603	-3.973681	5.302463	1
-3.981183	5.347603	-3.976629	5.353939	5
-5.570656	7.679088	-5.582278	7.666136	11
-3.960442	5.336617	-3.947516	5.310266	1
-3.960442	5.336617	-3.957629	5.310841	1
-3.960442	5.336617	-3.943354	5.329308	1
-3.960442	5.336617	-3.958797	5.326502	4
-3.960442	5.336617	-3.961623	5.344896	1
-3.960442	5.336617	-3.9465	5.334642	2
-4.023854	5.356878	-4.020949	5.357459	3
-4.023854	5.356878	-4.030648	5.362591	1
-4.023854	5.356878	-4.024002	5.359853	1
-4.023854	5.356878	-4.02071	5.355059	2
-4.023854	5.356878	-4.019145	5.360715	3
-4.023854	5.356878	-4.023316	5.353329	1
-4.023854	5.356878	-4.020374	5.347431	2
-4.023854	5.356878	-4.004951	5.368954	3
-4.014304	5.342935	-4.020374	5.347431	2
-4.014304	5.342935	-4.026684	5.328545	1
-4.014304	5.342935	-4.014943	5.323478	4
-4.014304	5.342935	-4.020806	5.330888	1
-4.014304	5.342935	-4.009713	5.34732	1
-3.981093	5.444594	-4.011552	5.450978	1
-3.981093	5.444594	-3.992448	5.436594	2
-3.981093	5.444594	-4.0216	5.446905	1
-3.981093	5.444594	-4.006585	5.435913	1
-4.004623	5.311905	-4.012045	5.310706	7
-4.004623	5.311905	-4.013449	5.307591	1
-3.194078	6.00951	-3.17258	5.98135	1
-4.023901	5.333848	-4.021516	5.337642	7
-4.023901	5.333848	-4.0264	5.341349	1
-4.023901	5.333848	-4.025588	5.32152	1
-4.023901	5.333848	-4.036388	5.347707	1
-4.023901	5.333848	-4.039695	5.327666	2
-4.023901	5.333848	-4.025873	5.349383	1
-4.023901	5.333848	-4.045457	5.340968	1
-4.031213	5.346444	-4.031563	5.338566	2
-4.031213	5.346444	-4.03299	5.354488	1
-4.031213	5.346444	-4.0264	5.341349	4
-4.031213	5.346444	-4.018204	5.327251	1
-4.031213	5.346444	-4.036388	5.347707	2
-4.031213	5.346444	-4.026443	5.355336	1
-4.031213	5.346444	-4.014304	5.342935	1
-6.145423	6.208062	-6.177912	6.236273	8
-4.360453	5.938451	-4.693509	5.820192	1
-8.312376	6.768741	-8.2558	6.848719	1
-3.99589	5.400109	-3.994207	5.396479	16
-3.99589	5.400109	-3.992217	5.406264	4
-3.99589	5.400109	-4.006083	5.402037	6
-3.99589	5.400109	-4.004014	5.396899	6
-3.99589	5.400109	-3.99997	5.403825	2
-3.99589	5.400109	-3.99805	5.407898	2
-3.99589	5.400109	-4.000592	5.411181	1
-5.015629	6.562483	-5.017079	6.554245	36
-3.889793	5.355916	-3.869922	5.348026	10
-3.889793	5.355916	-3.88921	5.346685	19
-3.889793	5.355916	-3.908197	5.368849	8
-4.026443	5.355336	-4.03299	5.354488	1
-4.026443	5.355336	-4.025873	5.349383	1
-4.026443	5.355336	-4.031213	5.346444	1
-4.026443	5.355336	-3.993232	5.354921	1
-6.580547	4.934835	-6.556242	5.014968	1
-3.869922	5.348026	-3.88921	5.346685	14
-3.869922	5.348026	-3.889793	5.355916	10
-3.998233	5.324333	-4.004623	5.311905	1
-3.998233	5.324333	-4.012045	5.310706	1
-3.998233	5.324333	-4.000861	5.329992	1
-3.998233	5.324333	-4.014864	5.317638	1
-3.998233	5.324333	-4.013449	5.307591	2
-3.998233	5.324333	-4.011197	5.334394	1
-5.487001	7.897072	-5.466451	7.990722	1
-4.053861	5.325659	-4.053941	5.317747	2
-4.053861	5.325659	-4.049699	5.332281	3
-4.053861	5.325659	-4.057114	5.339667	2
-4.053861	5.325659	-4.044807	5.32148	1
-4.053861	5.325659	-4.060124	5.318207	2
-4.053861	5.325659	-4.059708	5.328403	1
-4.053861	5.325659	-4.047327	5.330121	1
-3.981421	5.398935	-3.973996	5.396387	2
-3.981421	5.398935	-3.989324	5.394109	2
-3.981421	5.398935	-3.978407	5.402154	15
-3.981421	5.398935	-3.979273	5.366714	1
-3.981421	5.398935	-3.984856	5.404333	4
-2.801975	8.042674	-2.816409	8.047891	14
-2.801975	8.042674	-2.799478	8.035303	8
-3.526192	5.488762	-3.393465	5.377509	1
-4.204861	6.6585	-4.189861	6.645374	9
-4.210963	7.683941	-4.004832	7.645522	1
-3.956538	5.370529	-3.966466	5.370573	8
-3.956538	5.370529	-3.970119	5.372886	3
-3.956538	5.370529	-3.951586	5.370134	3
-3.956538	5.370529	-3.953847	5.362749	1
-3.956538	5.370529	-3.960988	5.363379	4
-4.106718	5.344941	-4.099694	5.3547	1
-5.217724	6.370207	-5.356759	6.4316	2
-5.217724	6.370207	-5.374074	6.289009	1
-6.051272	6.924573	-6.036881	6.926087	2
-3.596764	5.261879	-3.597292	5.2825	14
-3.596764	5.261879	-3.599589	5.275466	6
-3.964356	5.360864	-3.951586	5.370134	1
-3.964356	5.360864	-3.968803	5.348878	1
-3.964356	5.360864	-3.953847	5.362749	1
-3.964356	5.360864	-3.968842	5.355836	5
-3.964356	5.360864	-3.960988	5.363379	2
-3.964356	5.360864	-3.957371	5.358006	2
-3.964356	5.360864	-3.993232	5.354921	1
-3.964356	5.360864	-3.966466	5.370573	6
-3.964356	5.360864	-3.970887	5.36474	2
-3.512154	6.734689	-3.508544	6.740343	16
-3.512154	6.734689	-3.514883	6.721583	6
-3.512154	6.734689	-3.489765	6.739238	4
-3.512154	6.734689	-3.496235	6.72941	6
-4.014864	5.317638	-4.014864	5.317636	2
-5.753299	6.98254	-5.615294	6.998964	1
-5.753299	6.98254	-5.741224	6.994209	26
-5.753299	6.98254	-5.74737	6.977082	28
-5.031158	7.681516	-5.036647	7.701393	5
-5.031158	7.681516	-5.057637	7.682969	2
-5.031158	7.681516	-5.027187	7.651894	1
-5.031158	7.681516	-5.023201	7.661988	2
-5.031158	7.681516	-5.046261	7.671804	3
-5.031158	7.681516	-5.01455	7.67953	12
-3.804281	6.251303	-3.943785	6.324254	1
-4.024002	5.359853	-4.020949	5.357459	1
-4.024002	5.359853	-4.023854	5.356878	1
-4.024002	5.359853	-4.025267	5.356514	3
-3.815094	5.296401	-3.943354	5.329308	1
-4.015951	5.433888	-4.018149	5.431777	2
-4.015951	5.433888	-4.02693	5.433253	1
-4.015951	5.433888	-4.017303	5.446589	1
-4.015951	5.433888	-4.014445	5.42112	1
-4.015951	5.433888	-4.010331	5.433724	3
-4.015951	5.433888	-4.013611	5.438612	7
-4.015951	5.433888	-4.024204	5.438757	2
-4.015951	5.433888	-4.012899	5.443486	1
-4.162748	5.309044	-4.143452	5.342044	3
-4.162748	5.309044	-4.115737	5.323931	1
-4.221507	6.654994	-4.204861	6.6585	1
-7.004209	6.25824	-7.014496	6.247475	9
-7.004209	6.25824	-7.028058	6.174261	1
-7.014496	6.247475	-7.004209	6.25824	9
-5.261862	6.821173	-5.270035	6.807758	2
-5.261862	6.821173	-5.260911	6.809881	20
-5.261862	6.821173	-5.275967	6.818977	4
-5.261862	6.821173	-5.274026	6.825037	4
-5.261862	6.821173	-5.257207	6.840956	5
-5.261862	6.821173	-5.253321	6.820784	15
-3.987618	5.419455	-3.992217	5.406264	6
-3.987618	5.419455	-3.975797	5.418142	2
-3.987618	5.419455	-3.997226	5.417191	11
-3.987618	5.419455	-3.984856	5.404333	2
-3.495588	6.715023	-3.496235	6.72941	8
-3.495588	6.715023	-3.514883	6.721583	6
-5.278736	6.867756	-5.29597	6.847863	1
-3.937196	5.306728	-3.94374	5.309186	19
-3.937196	5.306728	-3.943354	5.329308	2
-3.937196	5.306728	-3.947516	5.310266	5
-3.988471	5.341687	-3.993232	5.354921	1
-5.027187	7.651894	-5.01455	7.67953	1
-5.027187	7.651894	-5.023201	7.661988	2
-5.027187	7.651894	-5.046261	7.671804	4
-6.613363	4.736188	-6.649482	4.725307	1
-6.613363	4.736188	-6.622706	4.74054	7
-4.028446	5.330621	-4.031563	5.338566	1
-4.028446	5.330621	-4.02345	5.328242	1
-4.028446	5.330621	-4.03299	5.354488	1
-4.028446	5.330621	-4.09802	5.316675	1
-4.015731	5.357661	-3.999637	5.371768	1
-4.015731	5.357661	-4.002239	5.353209	3
-4.015731	5.357661	-4.009713	5.34732	2
-4.015731	5.357661	-4.019145	5.360715	1
-4.015731	5.357661	-4.014643	5.365073	4
-4.015731	5.357661	-4.023316	5.353329	1
-4.015731	5.357661	-4.0155	5.353386	1
-3.983911	5.381465	-3.991798	5.379097	1
-3.983911	5.381465	-3.979273	5.366714	5
-3.983911	5.381465	-3.987795	5.387504	2
-3.983911	5.381465	-3.977956	5.390427	4
-3.983911	5.381465	-3.970119	5.372886	1
-3.983911	5.381465	-3.978126	5.37435	5
-4.02162	5.419177	-4.02693	5.433253	1
-4.02162	5.419177	-4.014445	5.42112	2
-4.02162	5.419177	-4.019121	5.42385	6
-4.02162	5.419177	-4.028116	5.426486	2
-4.02162	5.419177	-4.012899	5.443486	1
-4.02162	5.419177	-4.012103	5.409001	1
-4.088099	5.307023	-4.088784	5.312996	1
-4.088099	5.307023	-4.08068	5.271017	1
-4.088099	5.307023	-4.078347	5.318462	6
-6.681608	7.954907	-6.670667	7.965074	3
-6.681608	7.954907	-6.558591	8.109144	1
-6.681608	7.954907	-6.838689	8.077641	1
-4.073932	5.355972	-4.072201	5.356907	9
-4.073932	5.355972	-4.064887	5.35407	1
-4.073932	5.355972	-4.079025	5.353319	1
-4.014943	5.323478	-4.021516	5.337642	1
-4.014943	5.323478	-4.01714	5.321476	2
-4.014943	5.323478	-3.976629	5.353939	1
-4.014943	5.323478	-4.007751	5.329997	1
-5.076243	5.703332	-5.05917	5.758322	1
-3.204733	7.143858	-3.204848	7.127898	25
-5.060519	7.705747	-5.056944	7.72555	8
-5.060519	7.705747	-5.057637	7.682969	5
-5.060519	7.705747	-5.075063	7.667443	3
-5.060519	7.705747	-5.056944	7.72555	2
-5.060519	7.705747	-5.046261	7.671804	1
-4.024601	5.363671	-4.024002	5.359853	1
-4.010922	5.399818	-4.01503	5.374694	1
-4.010922	5.399818	-4.004014	5.396899	1
-4.010922	5.399818	-4.006083	5.402037	4
-4.010922	5.399818	-4.018453	5.384969	2
-4.010922	5.399818	-3.998567	5.386569	2
-4.010922	5.399818	-4.006901	5.394319	8
-4.010922	5.399818	-4.020957	5.396149	1
-4.010922	5.399818	-4.012103	5.409001	1
-6.44185	6.871595	-6.462767	6.87289	3
-6.44185	6.871595	-6.450498	6.886308	21
-6.44185	6.871595	-6.442098	6.856231	2
-6.44185	6.871595	-6.433916	6.865056	1
-6.44185	6.871595	-6.432639	6.893828	4
-3.935408	5.363574	-3.922745	5.358844	12
-3.935408	5.363574	-3.951586	5.370134	1
-3.935408	5.363574	-3.940107	5.35375	1
-3.935408	5.363574	-3.936097	5.373825	6
-3.92971	5.391959	-3.908197	5.368849	1
-3.92971	5.391959	-3.936097	5.373825	2
-3.92971	5.391959	-3.956748	5.378876	1
-4.110586	5.330667	-4.031563	5.338566	1
-4.110586	5.330667	-4.111146	5.325874	9
-4.110586	5.330667	-4.098681	5.341738	1
-4.110586	5.330667	-4.115737	5.323931	2
-4.110586	5.330667	-4.106697	5.33492	5
-4.110586	5.330667	-4.088085	5.321261	1
-4.110586	5.330667	-4.054213	5.356424	1
-4.110586	5.330667	-4.101965	5.32932	4
-4.110586	5.330667	-4.080665	5.323305	1
-3.999674	5.423816	-4.010147	5.42625	3
-3.999674	5.423816	-4.006585	5.435913	1
-3.999674	5.423816	-4.005636	5.414592	1
-3.999674	5.423816	-3.997226	5.417191	6
-3.999674	5.423816	-3.994769	5.432752	9
-3.999674	5.423816	-4.019121	5.42385	1
-3.999674	5.423816	-3.988129	5.426968	1
-3.999674	5.423816	-4.010331	5.433724	1
-3.999674	5.423816	-3.992448	5.436594	2
-3.999674	5.423816	-4.007219	5.418145	4
-4.000748	5.374202	-3.991798	5.379097	4
-4.000748	5.374202	-4.01503	5.374694	1
-4.000748	5.374202	-3.999637	5.371768	6
-4.000748	5.374202	-4.025338	5.377405	1
-4.000748	5.374202	-3.990324	5.372785	2
-4.000748	5.374202	-4.004014	5.396899	1
-4.000748	5.374202	-3.993941	5.375575	1
-4.000748	5.374202	-3.968842	5.355836	1
-4.000748	5.374202	-4.018453	5.384969	1
-4.000748	5.374202	-3.998567	5.386569	1
-4.000748	5.374202	-3.987795	5.387504	1
-4.000748	5.374202	-4.004951	5.368954	2
-4.01714	5.321476	-4.018204	5.327251	1
-4.004406	5.340151	-4.000633	5.334601	3
-4.004406	5.340151	-3.997956	5.335125	7
-4.004406	5.340151	-4.007751	5.329997	1
-4.004406	5.340151	-3.996917	5.338776	1
-4.004406	5.340151	-4.006379	5.342979	1
-4.004406	5.340151	-4.023854	5.356878	1
-4.013611	5.438612	-4.015951	5.433888	8
-4.013611	5.438612	-4.014445	5.42112	1
-4.013611	5.438612	-4.006585	5.435913	1
-4.013611	5.438612	-4.010331	5.433724	10
-4.013611	5.438612	-4.011552	5.450978	5
-4.013611	5.438612	-3.992448	5.436594	1
-4.013611	5.438612	-4.01369	5.438639	2
-4.013611	5.438612	-4.024204	5.438757	1
-4.013611	5.438612	-4.018149	5.431777	2
-4.013611	5.438612	-4.012899	5.443486	8
-4.013611	5.438612	-3.981093	5.444594	1
-4.01369	5.438639	-4.010331	5.433724	1
-4.01369	5.438639	-4.015951	5.433888	1
-4.01369	5.438639	-4.013611	5.438612	4
-3.967119	5.299439	-4.002239	5.353209	1
-3.967119	5.299439	-3.948415	5.291229	1
-3.967119	5.299439	-3.963821	5.304552	8
-3.967119	5.299439	-3.962161	5.297789	8
-3.967119	5.299439	-3.970385	5.303291	22
-3.967119	5.299439	-3.957629	5.310841	1
-3.967119	5.299439	-3.977307	5.299651	1
-3.967119	5.299439	-3.973681	5.302463	5
-3.967119	5.299439	-3.998233	5.324333	1
-3.967119	5.299439	-3.95544	5.296296	1
-3.967119	5.299439	-3.971989	5.311081	2
-3.967119	5.299439	-3.976474	5.308242	2
-3.967119	5.299439	-4.016019	5.308711	1
-4.064482	5.337499	-4.073871	5.333064	1
-4.064482	5.337499	-4.057114	5.339667	1
-4.064482	5.337499	-4.057111	5.333743	1
-4.064482	5.337499	-4.062846	5.345727	10
-4.064482	5.337499	-4.07382	5.342848	3
-4.064482	5.337499	-4.09802	5.316675	1
-6.629436	4.745129	-6.644531	4.761053	3
-6.629436	4.745129	-6.655096	4.750824	2
-6.629436	4.745129	-6.638127	4.743548	6
-6.629436	4.745129	-6.65866	4.76788	1
-6.629436	4.745129	-6.622706	4.74054	3
-5.215331	6.761555	-5.260561	6.788305	1
-5.215331	6.761555	-5.250039	6.802218	1
-3.957371	5.358006	-3.968803	5.348878	2
-3.957371	5.358006	-3.953847	5.362749	1
-3.957371	5.358006	-3.968842	5.355836	1
-3.957371	5.358006	-3.960988	5.363379	3
-3.957371	5.358006	-3.936097	5.373825	1
-3.957371	5.358006	-3.966466	5.370573	1
-6.490724	6.392517	-6.42959	6.320125	1
-4.323761	5.340854	-4.371027	5.334358	3
-4.012045	5.310706	-4.004623	5.311905	8
-4.012045	5.310706	-4.011513	5.320095	2
-4.012045	5.310706	-4.014304	5.342935	1
-4.012045	5.310706	-4.013449	5.307591	12
-4.375537	5.318976	-4.371027	5.334358	7
-4.375537	5.318976	-4.398675	5.332066	5
-6.320198	6.54833	-6.280406	6.482835	1
-5.510773	5.301664	-5.591397	5.169862	1
-4.045457	5.340968	-4.031563	5.338566	1
-4.045457	5.340968	-4.023901	5.333848	1
-4.045457	5.340968	-4.036388	5.347707	1
-4.045457	5.340968	-4.051984	5.347102	1
-4.045457	5.340968	-4.057114	5.339667	3
-4.045457	5.340968	-4.039695	5.327666	4
-4.045457	5.340968	-4.048045	5.354356	1
-4.045457	5.340968	-4.049699	5.332281	2
-6.450498	6.886308	-6.450498	6.886308	5
-6.450498	6.886308	-6.432639	6.893828	3
-6.450498	6.886308	-6.470442	6.888433	6
-6.450498	6.886308	-6.445289	6.903603	4
-6.450498	6.886308	-6.44185	6.871595	18
-6.450498	6.886308	-6.462767	6.87289	10
-8.152263	7.259263	-8.191481	7.185767	1
-8.152263	7.259263	-8.160174	7.267459	1
-3.965796	7.055639	-3.958031	7.054591	33
-3.965796	7.055639	-3.968235	7.064204	5
-5.031067	7.715351	-5.02997	7.743987	1
-5.031067	7.715351	-5.036647	7.701393	1
-5.031067	7.715351	-5.009199	7.70456	4
-5.031067	7.715351	-5.022029	7.727629	2
-5.031067	7.715351	-4.991186	7.718325	2
-5.741224	6.994209	-5.753299	6.98254	26
-5.741224	6.994209	-5.74737	6.977082	12
-4.044116	5.308768	-4.053941	5.317747	1
-4.044116	5.308768	-4.035639	5.314499	3
-6.649482	4.725307	-6.66898	4.772571	1
-6.649482	4.725307	-6.678872	4.762784	1
-6.649482	4.725307	-6.655096	4.750824	2
-6.649482	4.725307	-6.622706	4.74054	1
-5.928215	6.108661	-5.94227	6.130722	2
-5.928215	6.108661	-5.933819	6.116618	15
-5.195365	7.75733	-5.149748	7.610253	1
-3.981818	5.393693	-3.973996	5.396387	2
-3.981818	5.393693	-3.987795	5.387504	2
-3.981818	5.393693	-3.992217	5.406264	1
-3.981818	5.393693	-3.981421	5.398935	1
-3.981818	5.393693	-3.977956	5.390427	5
-3.981818	5.393693	-3.989324	5.394109	3
-3.981818	5.393693	-3.978407	5.402154	4
-3.981818	5.393693	-3.984856	5.404333	1
-5.358733	5.827758	-5.356928	5.842847	7
-5.358733	5.827758	-5.365853	5.835745	9
-3.335695	6.572469	-3.389103	6.65709	1
-6.04054	6.786449	-5.808033	6.648569	1
-3.333382	5.400626	-3.393465	5.377509	3
-4.0264	5.341349	-4.021516	5.337642	12
-4.0264	5.341349	-4.031563	5.338566	3
-4.0264	5.341349	-4.023901	5.333848	1
-4.0264	5.341349	-4.031213	5.346444	2
-4.0264	5.341349	-4.036388	5.347707	2
-4.0264	5.341349	-4.026443	5.355336	1
-4.0264	5.341349	-4.025873	5.349383	1
-4.017303	5.446589	-4.051118	5.446725	1
-4.017303	5.446589	-4.0216	5.446905	3
-4.017303	5.446589	-4.024204	5.438757	3
-4.017303	5.446589	-4.013611	5.438612	1
-4.017303	5.446589	-4.011552	5.450978	5
-4.017303	5.446589	-4.012899	5.443486	3
-5.579036	6.290311	-5.096036	6.143526	1
-5.77795	9.060697	-5.640454	9.444401	1
-4.705146	6.647368	-4.701064	6.642362	15
-4.705146	6.647368	-4.736053	6.662581	1
-3.597292	5.2825	-3.596764	5.261879	14
-3.597292	5.2825	-3.599589	5.275466	3
-3.489765	6.739238	-3.508544	6.740343	3
-3.489765	6.739238	-3.496235	6.72941	4
-3.489765	6.739238	-3.485944	6.729422	4
-3.489765	6.739238	-3.470933	6.720536	6
-5.28663	6.799785	-5.270035	6.807758	2
-5.28663	6.799785	-5.275967	6.818977	1
-5.28663	6.799785	-5.29165	6.824332	3
-5.28663	6.799785	-5.257207	6.840956	1
-5.28663	6.799785	-5.276244	6.781851	2
-5.28663	6.799785	-5.273617	6.793558	2
-5.365853	5.835745	-5.356928	5.842847	6
-5.365853	5.835745	-5.358733	5.827758	8
-5.365853	5.835745	-5.361033	5.852308	7
-6.644531	4.761053	-6.65866	4.76788	8
-6.644531	4.761053	-6.651274	4.778034	4
-6.644531	4.761053	-6.622706	4.74054	1
-6.644531	4.761053	-6.638127	4.743548	2
-6.644531	4.761053	-6.655096	4.750824	4
-6.644531	4.761053	-6.629436	4.745129	2
-3.004928	5.279952	-2.946871	5.196997	1
-6.593956	5.775369	-6.615019	5.77325	6
-6.593956	5.775369	-6.588124	5.788395	3
-6.593956	5.775369	-6.819456	5.760641	2
-3.978407	5.402154	-3.981421	5.398935	16
-3.978407	5.402154	-3.987795	5.387504	1
-3.978407	5.402154	-3.979221	5.408609	13
-3.978407	5.402154	-3.992217	5.406264	2
-3.978407	5.402154	-3.997956	5.335125	1
-3.978407	5.402154	-3.977956	5.390427	1
-3.978407	5.402154	-4.014643	5.365073	1
-3.978407	5.402154	-3.981818	5.393693	2
-3.978407	5.402154	-3.989324	5.394109	2
-3.978407	5.402154	-3.973996	5.396387	23
-3.978407	5.402154	-3.984856	5.404333	18
-5.05917	5.758322	-5.076243	5.703332	2
-6.891037	5.640617	-6.78784	5.760175	1
-3.994207	5.396479	-3.987795	5.387504	1
-3.994207	5.396479	-4.004014	5.396899	1
-3.994207	5.396479	-3.993941	5.375575	1
-3.994207	5.396479	-3.992217	5.406264	4
-3.994207	5.396479	-3.989324	5.394109	14
-3.994207	5.396479	-3.99589	5.400109	15
-3.994207	5.396479	-3.987618	5.419455	1
-3.994207	5.396479	-3.967674	5.384017	1
-3.994207	5.396479	-3.998567	5.386569	1
-3.994207	5.396479	-4.006083	5.402037	1
-6.820336	5.207025	-6.695674	5.200523	4
-7.558489	7.407572	-7.549322	7.411446	8
-7.558489	7.407572	-7.54355	7.395898	4
-5.615294	6.998964	-5.753299	6.98254	1
-5.615294	6.998964	-5.74737	6.977082	2
-4.025588	5.32152	-4.023072	5.323831	2
-4.025588	5.32152	-4.026684	5.328545	1
-4.025588	5.32152	-4.089827	5.33062	1
-4.025588	5.32152	-4.039175	5.321305	1
-5.325081	5.279491	-5.222521	5.31805	1
-5.549091	6.416902	-5.642838	6.343247	1
-5.549091	6.416902	-5.356759	6.4316	1
-5.549091	6.416902	-5.417676	6.385409	1
-7.335697	6.736038	-7.346521	6.745932	4
-7.335697	6.736038	-7.352674	6.744438	4
-7.335697	6.736038	-7.24635	6.75977	1
-3.108281	5.156429	-3.025978	5.140762	1
-3.907973	5.249202	-3.900311	5.242825	17
-3.907973	5.249202	-3.886351	5.241777	4
-3.907973	5.249202	-3.909364	5.239959	3
-3.907973	5.249202	-3.912997	5.24845	12
-4.517431	5.687066	-4.525953	5.724252	1
-4.024204	5.438757	-4.029536	5.446151	7
-4.024204	5.438757	-4.02693	5.433253	5
-4.024204	5.438757	-4.017303	5.446589	2
-4.024204	5.438757	-4.028116	5.426486	1
-4.024204	5.438757	-4.0216	5.446905	4
-4.024204	5.438757	-4.015951	5.433888	2
-4.024204	5.438757	-4.012899	5.443486	1
-4.024204	5.438757	-4.044759	5.436365	1
-3.978126	5.37435	-3.991798	5.379097	1
-3.978126	5.37435	-3.983911	5.381465	5
-3.978126	5.37435	-3.979273	5.366714	1
-3.978126	5.37435	-3.975456	5.363771	1
-3.99866	5.3584	-3.989137	5.363434	1
-3.99866	5.3584	-3.999637	5.371768	2
-3.99866	5.3584	-3.993232	5.354921	5
-5.009199	7.70456	-5.031067	7.715351	3
-5.009199	7.70456	-5.031158	7.681516	3
-5.009199	7.70456	-4.991186	7.718325	11
-5.243575	6.865502	-5.230336	6.884146	11
-5.243575	6.865502	-5.257207	6.840956	4
-5.243575	6.865502	-5.248607	6.847996	2
-6.433916	6.865056	-6.369645	6.905912	1
-6.433916	6.865056	-6.462767	6.87289	1
-6.433916	6.865056	-6.44185	6.871595	1
-6.433916	6.865056	-6.442098	6.856231	7
-6.433916	6.865056	-6.406859	6.81041	1
-4.20603	5.977015	-4.217436	5.928619	4
-4.20603	5.977015	-4.158974	5.9765	2
-4.20603	5.977015	-4.210628	5.92858	8
-4.055642	5.476997	-4.049611	5.493694	5
-4.055642	5.476997	-4.055803	5.489903	2
-4.055642	5.476997	-4.051642	5.460177	2
-4.055642	5.476997	-4.054094	5.471627	2
-4.029536	5.446151	-4.051118	5.446725	2
-4.029536	5.446151	-4.02693	5.433253	4
-4.029536	5.446151	-4.017303	5.446589	1
-4.029536	5.446151	-4.0216	5.446905	6
-4.029536	5.446151	-4.039971	5.441761	1
-4.029536	5.446151	-4.054454	5.452798	1
-4.029536	5.446151	-4.024204	5.438757	4
-4.029536	5.446151	-4.012899	5.443486	2
-3.947516	5.310266	-3.94374	5.309186	36
-3.947516	5.310266	-3.948415	5.291229	1
-3.947516	5.310266	-3.958797	5.326502	4
-3.947516	5.310266	-3.957629	5.310841	7
-3.947516	5.310266	-3.943354	5.329308	3
-3.947516	5.310266	-3.937196	5.306728	10
-3.947516	5.310266	-3.973681	5.302463	1
-3.947516	5.310266	-3.948061	5.301857	3
-3.947516	5.310266	-3.95544	5.296296	2
-4.02693	5.433253	-4.029536	5.446151	3
-4.02693	5.433253	-4.015951	5.433888	3
-4.02693	5.433253	-4.017303	5.446589	1
-4.02693	5.433253	-4.014445	5.42112	1
-4.02693	5.433253	-4.028116	5.426486	1
-4.02693	5.433253	-4.024204	5.438757	8
-4.02693	5.433253	-4.018149	5.431777	4
-4.02693	5.433253	-4.02162	5.419177	1
-6.663211	4.982726	-6.744566	5.040396	1
-4.018204	5.327251	-4.031563	5.338566	1
-4.018204	5.327251	-4.01714	5.321476	1
-4.018204	5.327251	-4.020806	5.330888	1
-5.173229	9.57733	-5.20995	9.583722	2
-4.991186	7.718325	-5.031067	7.715351	2
-4.991186	7.718325	-5.004701	7.684258	1
-4.991186	7.718325	-5.009199	7.70456	5
-4.991186	7.718325	-5.022029	7.727629	1
-6.639379	4.803877	-6.66898	4.772571	1
-6.639379	4.803877	-6.651274	4.778034	3
-3.954244	5.346763	-3.961963	5.349939	3
-3.954244	5.346763	-3.968842	5.355836	2
-5.260561	6.788305	-5.276244	6.781851	8
-5.260561	6.788305	-5.270035	6.807758	1
-5.260561	6.788305	-5.215331	6.761555	1
-5.260561	6.788305	-5.250039	6.802218	1
-5.260561	6.788305	-5.273617	6.793558	1
-4.006901	5.394319	-4.002239	5.353209	1
-4.006901	5.394319	-4.004014	5.396899	2
-4.006901	5.394319	-4.010922	5.399818	7
-4.006901	5.394319	-3.998567	5.386569	4
-4.006901	5.394319	-4.019145	5.360715	1
-4.006901	5.394319	-3.993232	5.354921	1
-4.006901	5.394319	-4.004951	5.368954	1
-4.039175	5.321305	-4.020102	5.315223	2
-4.039175	5.321305	-4.044807	5.32148	2
-4.020374	5.347431	-4.021516	5.337642	1
-4.020374	5.347431	-4.009713	5.34732	19
-4.020374	5.347431	-4.020596	5.35227	1
-4.020374	5.347431	-3.964356	5.360864	1
-4.020374	5.347431	-4.0155	5.353386	5
-4.020374	5.347431	-4.022785	5.348971	1
-4.020374	5.347431	-4.023854	5.356878	2
-4.020374	5.347431	-4.014304	5.342935	1
-3.971989	5.311081	-3.970385	5.303291	5
-3.971989	5.311081	-3.963821	5.304552	1
-3.971989	5.311081	-3.957629	5.310841	1
-3.971989	5.311081	-3.973681	5.302463	1
-3.971989	5.311081	-3.967119	5.299439	2
-3.971989	5.311081	-3.976474	5.308242	6
-5.075063	7.667443	-5.060519	7.705747	2
-5.075063	7.667443	-5.057637	7.682969	7
-5.075063	7.667443	-5.149748	7.610253	2
-5.075063	7.667443	-5.056944	7.72555	1
-5.075063	7.667443	-5.046261	7.671804	6
-5.374074	6.289009	-5.217724	6.370207	1
-5.94227	6.130722	-5.933819	6.116618	14
-5.94227	6.130722	-5.928215	6.108661	1
-5.94227	6.130722	-5.956072	6.13905	8
-5.94227	6.130722	-5.94555	6.148645	1
-5.94227	6.130722	-5.973374	6.121154	3
-5.956072	6.13905	-5.94227	6.130722	5
-5.956072	6.13905	-5.933819	6.116618	2
-5.956072	6.13905	-5.94555	6.148645	7
-5.956072	6.13905	-5.973374	6.121154	1
-3.948415	5.291229	-3.948061	5.301857	5
-3.948415	5.291229	-3.95544	5.296296	1
-3.948415	5.291229	-3.960562	5.289332	2
-3.948415	5.291229	-3.967119	5.299439	1
-4.020596	5.35227	-4.020374	5.347431	2
-4.020596	5.35227	-4.022785	5.348971	1
-6.420293	5.996544	-6.411278	5.891642	1
-4.039971	5.441761	-4.029536	5.446151	1
-4.039971	5.441761	-4.059227	5.436523	1
-4.039971	5.441761	-4.054454	5.452798	1
-6.585684	6.777569	-6.510922	6.83077	1
-4.459888	5.336893	-4.398675	5.332066	3
-3.936097	5.373825	-3.922745	5.358844	6
-3.936097	5.373825	-3.935408	5.363574	6
-3.936097	5.373825	-3.908197	5.368849	1
-7.488701	6.202634	-7.48596	6.22228	4
-6.695674	5.200523	-6.820336	5.207025	4
-6.920581	6.095993	-6.839484	6.115042	2
-6.920581	6.095993	-6.903042	6.200876	1
-5.842532	5.991305	-5.933819	6.116618	1
-5.788878	5.16862	-5.824194	5.099781	1
-6.562302	5.137364	-6.556242	5.014968	1
-6.562302	5.137364	-6.644302	5.243337	1
-6.588124	5.788395	-6.615019	5.77325	8
-6.588124	5.788395	-6.593956	5.775369	4
-6.588124	5.788395	-6.607487	5.786158	1
-6.588124	5.788395	-6.819456	5.760641	1
-6.411278	5.891642	-6.420293	5.996544	1
-6.244498	6.89773	-6.241554	6.910795	2
-5.933819	6.116618	-5.94227	6.130722	16
-5.933819	6.116618	-5.956072	6.13905	1
-5.933819	6.116618	-5.973374	6.121154	2
-5.933819	6.116618	-5.928215	6.108661	15
-6.264471	5.656026	-6.283844	5.673284	1
-6.644302	5.243337	-6.554129	5.397204	1
-6.644302	5.243337	-6.519713	5.293636	2
-3.982461	5.331994	-3.972668	5.338835	1
-3.982461	5.331994	-3.970137	5.330806	1
-3.982461	5.331994	-3.958797	5.326502	1
-3.982461	5.331994	-3.979848	5.339804	2
-3.982461	5.331994	-3.977899	5.345458	1
-3.982461	5.331994	-3.981183	5.347603	2
-3.970137	5.330806	-3.982461	5.331994	1
-3.970137	5.330806	-3.971989	5.311081	2
-3.970137	5.330806	-3.972668	5.338835	1
-6.241554	6.910795	-6.244498	6.89773	1
-5.056944	7.72555	-5.036647	7.701393	3
-5.056944	7.72555	-5.02997	7.743987	6
-5.056944	7.72555	-5.060519	7.705747	9
-5.056944	7.72555	-5.056944	7.72555	5
-5.056944	7.72555	-5.031158	7.681516	1
-5.056944	7.72555	-5.075063	7.667443	1
-3.918318	5.242714	-3.909364	5.239959	4
-3.918318	5.242714	-3.912997	5.24845	9
-4.065106	5.331971	-4.073871	5.333064	2
-4.065106	5.331971	-4.069722	5.326284	1
-4.065106	5.331971	-4.073926	5.329682	1
-4.065106	5.331971	-4.057114	5.339667	1
-4.065106	5.331971	-4.062846	5.345727	1
-4.065106	5.331971	-4.059708	5.328403	4
-4.065106	5.331971	-4.064482	5.337499	1
-4.065106	5.331971	-4.07045	5.322654	2
-3.981615	6.97605	-4.040343	6.912917	1
-5.096036	6.143526	-5.705257	6.221361	1
-5.096036	6.143526	-5.579036	6.290311	1
-5.173287	6.719836	-5.215331	6.761555	1
-7.416628	6.571898	-7.348263	6.637013	1
-6.544046	6.120313	-6.522211	6.180779	1
-4.011513	5.320095	-3.998233	5.324333	1
-4.011513	5.320095	-4.012045	5.310706	1
-4.011513	5.320095	-4.004623	5.311905	1
-6.903042	6.200876	-6.839484	6.115042	3
-6.903042	6.200876	-7.004209	6.25824	1
-6.903042	6.200876	-6.920581	6.095993	1
-3.951586	5.370134	-3.956748	5.378876	5
-3.951586	5.370134	-3.953847	5.362749	6
-3.951586	5.370134	-3.956538	5.370529	2
-3.951586	5.370134	-3.964356	5.360864	1
-3.951586	5.370134	-4.064887	5.35407	1
-3.951586	5.370134	-3.966466	5.370573	6
-3.951586	5.370134	-3.970887	5.36474	1
-4.092211	5.349731	-4.091533	5.354696	1
-4.092211	5.349731	-4.099931	5.34533	3
-6.202436	6.265889	-6.177912	6.236273	3
-7.48858	6.54446	-7.499575	6.548957	13
-7.48858	6.54446	-7.346521	6.745932	1
-6.177912	6.236273	-6.145423	6.208062	7
-6.177912	6.236273	-6.202436	6.265889	3
-5.729851	9.224298	-5.596282	9.303588	1
-7.499575	6.548957	-7.48858	6.54446	15
-3.973681	5.302463	-3.970385	5.303291	23
-3.973681	5.302463	-4.013449	5.307591	1
-3.973681	5.302463	-3.977307	5.299651	9
-3.973681	5.302463	-3.97537	5.303743	8
-3.973681	5.302463	-3.967119	5.299439	11
-3.973681	5.302463	-3.976474	5.308242	2
-7.346521	6.745932	-7.335697	6.736038	8
-7.346521	6.745932	-7.352674	6.744438	3
-7.352674	6.744438	-7.346521	6.745932	7
-7.352674	6.744438	-7.335697	6.736038	4
-5.271294	9.602008	-5.399283	9.615114	1
-5.271294	9.602008	-5.314328	9.678264	1
-6.462767	6.87289	-6.450498	6.886308	11
-6.462767	6.87289	-6.450498	6.886308	12
-6.462767	6.87289	-6.432639	6.893828	4
-6.462767	6.87289	-6.470442	6.888433	7
-6.462767	6.87289	-6.44185	6.871595	4
-6.462767	6.87289	-6.433916	6.865056	1
-6.462767	6.87289	-6.442098	6.856231	1
-6.829481	6.557124	-6.730638	6.525348	1
-6.829481	6.557124	-6.858007	6.626425	1
-4.08068	5.271017	-4.088784	5.312996	3
-4.08068	5.271017	-4.088085	5.321261	1
-4.08068	5.271017	-4.088099	5.307023	1
-3.741038	5.216546	-3.734598	5.20874	14
-3.741038	5.216546	-3.761142	5.210271	24
-3.741038	5.216546	-3.741967	5.208949	14
-3.741038	5.216546	-3.726429	5.228471	6
-4.021495	5.325344	-4.02345	5.328242	2
-3.861475	6.123827	-3.854787	6.091386	10
-4.021516	5.337642	-4.020806	5.330889	1
-4.021516	5.337642	-4.023901	5.333848	10
-4.021516	5.337642	-4.0264	5.341349	10
-4.021516	5.337642	-4.014304	5.342935	1
-3.997911	5.344791	-3.998696	5.348125	4
-3.997911	5.344791	-4.009713	5.34732	1
-5.230336	6.884146	-5.278736	6.867756	1
-5.230336	6.884146	-5.243575	6.865502	10
-5.230336	6.884146	-5.248607	6.847996	1
-3.979221	5.408609	-3.984856	5.404333	9
-3.979221	5.408609	-3.973996	5.396387	1
-3.979221	5.408609	-3.974381	5.408791	3
-3.979221	5.408609	-3.978407	5.402154	14
-3.979221	5.408609	-3.992217	5.406264	3
-4.009713	5.34732	-3.998696	5.348125	3
-4.009713	5.34732	-4.002239	5.353209	2
-4.009713	5.34732	-4.015731	5.357661	4
-4.009713	5.34732	-4.0155	5.353386	1
-4.009713	5.34732	-3.996917	5.338776	1
-4.009713	5.34732	-4.020374	5.347431	13
-4.009713	5.34732	-4.006379	5.342979	7
-4.009713	5.34732	-3.981183	5.347603	1
-4.009713	5.34732	-4.014304	5.342935	1
-6.591126	6.486824	-6.585165	6.474772	6
-6.591126	6.486824	-6.574729	6.495825	11
-6.591126	6.486824	-6.730638	6.525348	1
-6.574729	6.495825	-6.591126	6.486824	13
-8.111105	6.921308	-8.125467	7.027796	1
-4.000861	5.329992	-3.998233	5.324333	2
-4.000861	5.329992	-4.000633	5.334601	8
-4.410116	5.209258	-4.362966	5.206767	4
-4.093978	5.351223	-4.099694	5.3547	1
-3.900311	5.242825	-3.850767	5.234282	1
-3.900311	5.242825	-3.918318	5.242714	1
-3.900311	5.242825	-3.907973	5.249202	9
-3.900311	5.242825	-3.909364	5.239959	3
-3.900311	5.242825	-3.886351	5.241777	21
-3.900311	5.242825	-3.912997	5.24845	6
-6.638127	4.743548	-6.644531	4.761053	2
-6.638127	4.743548	-6.629436	4.745129	5
-6.638127	4.743548	-6.655096	4.750824	8
-6.655096	4.750824	-6.644531	4.761053	5
-6.655096	4.750824	-6.629436	4.745129	3
-6.655096	4.750824	-6.638127	4.743548	11
-6.655096	4.750824	-6.65866	4.76788	1
-3.908197	5.368849	-3.922745	5.358844	8
-3.908197	5.368849	-3.92971	5.391959	2
-3.908197	5.368849	-3.889793	5.355916	9
-5.880514	8.957472	-5.675625	8.819672	1
-4.048045	5.354356	-4.051984	5.347102	1
-4.048045	5.354356	-4.069498	5.346651	1
-4.048045	5.354356	-4.036388	5.347707	1
-4.048045	5.354356	-4.054213	5.356424	3
-3.384673	5.300356	-3.312813	5.30441	1
-3.970887	5.36474	-3.979273	5.366714	1
-3.970887	5.36474	-3.956538	5.370529	1
-3.970887	5.36474	-3.968842	5.355836	6
-3.970887	5.36474	-3.964356	5.360864	1
-3.970887	5.36474	-3.980657	5.36154	3
-3.970887	5.36474	-3.966466	5.370573	1
-3.970887	5.36474	-3.975456	5.363771	3
-3.922745	5.358844	-3.936097	5.373825	7
-3.922745	5.358844	-3.935408	5.363574	15
-3.922745	5.358844	-3.943354	5.329308	4
-3.922745	5.358844	-3.937196	5.306728	1
-3.922745	5.358844	-3.908197	5.368849	7
-3.922745	5.358844	-3.9465	5.334642	1
-3.922745	5.358844	-3.940107	5.35375	7
-4.189861	6.645374	-4.204861	6.6585	5
-4.189861	6.645374	-4.221507	6.654994	1
-5.004701	7.684258	-5.01455	7.67953	1
-5.004701	7.684258	-5.031158	7.681516	4
-5.004701	7.684258	-4.991186	7.718325	1
-3.888342	6.387691	-3.886707	6.379913	1
-6.510922	6.83077	-6.585684	6.777569	1
-3.988129	5.426968	-3.999674	5.423816	3
-3.988129	5.426968	-3.992448	5.436594	3
-3.988129	5.426968	-3.994769	5.432752	2
-3.988129	5.426968	-3.987618	5.419455	2
-6.554129	5.397204	-6.562302	5.137364	1
-6.554129	5.397204	-6.556094	5.408507	1
-6.554129	5.397204	-6.644302	5.243337	1
-3.357625	5.486608	-3.393465	5.377509	2
-3.357625	5.486608	-3.333382	5.400626	1
-3.357625	5.486608	-3.267292	5.422211	1
-5.276244	6.781851	-5.270035	6.807758	3
-5.276244	6.781851	-5.273617	6.793558	11
-5.276244	6.781851	-5.260561	6.788305	7
-5.361033	5.852308	-5.356928	5.842847	4
-5.361033	5.852308	-5.358733	5.827758	1
-5.361033	5.852308	-5.365853	5.835745	5
-6.103152	7.759529	-5.871653	7.575051	1
-5.630547	9.453492	-5.625662	9.474096	23
-5.630547	9.453492	-5.640454	9.444401	4
-5.630547	9.453492	-5.623402	9.420328	3
-5.623402	9.420328	-5.630547	9.453492	6
-5.623402	9.420328	-5.625662	9.474096	1
-5.623402	9.420328	-5.640454	9.444401	11
-5.623402	9.420328	-5.433118	9.308232	1
-5.02997	7.743987	-5.031067	7.715351	1
-5.02997	7.743987	-5.047979	7.917161	1
-5.02997	7.743987	-5.022029	7.727629	2
-5.02997	7.743987	-5.056944	7.72555	5
-4.126935	6.695834	-4.095467	6.66473	1
-2.894074	5.508171	-2.919295	5.414372	1
-3.493364	5.283255	-3.45973	5.335762	2
-5.453556	6.601731	-5.610111	6.653255	1
-3.542469	7.810267	-3.568572	7.940226	1
-5.687914	5.843144	-5.682307	5.8562	7
-3.95544	5.296296	-3.94374	5.309186	2
-3.95544	5.296296	-3.947516	5.310266	1
-3.95544	5.296296	-3.962161	5.297789	2
-3.95544	5.296296	-3.957629	5.310841	7
-3.95544	5.296296	-3.953466	5.302947	9
-3.95544	5.296296	-3.948061	5.301857	20
-3.95544	5.296296	-3.960442	5.336617	1
-4.060124	5.318207	-4.053941	5.317747	2
-4.060124	5.318207	-4.053861	5.325659	1
-4.060124	5.318207	-4.07045	5.322654	4
-4.060124	5.318207	-4.078347	5.318462	2
-4.060124	5.318207	-4.044807	5.32148	1
-4.87138	6.332571	-4.931111	6.070418	1
-4.398675	5.332066	-4.371027	5.334358	3
-4.398675	5.332066	-4.375537	5.318976	7
-4.398675	5.332066	-4.459888	5.336893	3
-6.626656	5.420351	-6.556094	5.408507	1
-3.211824	5.390026	-3.08964	5.373443	1
-4.020949	5.357459	-4.024002	5.359853	3
-4.020949	5.357459	-4.002239	5.353209	2
-4.020949	5.357459	-4.021973	5.366494	1
-4.020949	5.357459	-4.02071	5.355059	1
-4.020949	5.357459	-4.019145	5.360715	4
-4.020949	5.357459	-4.014643	5.365073	1
-4.020949	5.357459	-4.0155	5.353386	1
-4.020949	5.357459	-4.015731	5.357661	2
-4.020949	5.357459	-4.023854	5.356878	3
-2.799478	8.035303	-2.816409	8.047891	1
-2.799478	8.035303	-2.801975	8.042674	7
-6.450498	6.886308	-6.462767	6.87289	13
-6.450498	6.886308	-6.470442	6.888433	9
-6.450498	6.886308	-6.450498	6.886308	3
-6.450498	6.886308	-6.455458	6.854143	1
-4.115737	5.323931	-4.111146	5.325874	11
-4.115737	5.323931	-4.143452	5.342044	2
-4.115737	5.323931	-4.110586	5.330667	2
-4.115737	5.323931	-4.110951	5.315826	5
-4.115737	5.323931	-4.106697	5.33492	1
-5.705257	6.221361	-5.096036	6.143526	1
-5.682307	5.8562	-5.687914	5.843144	6
-5.20995	9.583722	-5.173229	9.57733	2
-4.158974	5.9765	-4.20603	5.977015	3
-2.981291	8.287601	-2.982229	8.148595	2
-3.968235	7.064204	-3.958031	7.054591	4
-3.968235	7.064204	-3.965796	7.055639	5
-3.45973	5.335762	-3.393465	5.377509	1
-3.45973	5.335762	-3.493364	5.283255	2
-3.45973	5.335762	-3.267292	5.422211	1
-4.019145	5.360715	-4.024002	5.359853	1
-4.019145	5.360715	-4.002239	5.353209	2
-4.019145	5.360715	-4.030648	5.362591	1
-4.019145	5.360715	-4.021973	5.366494	3
-4.019145	5.360715	-4.020949	5.357459	4
-4.019145	5.360715	-4.014643	5.365073	1
-4.019145	5.360715	-4.023316	5.353329	1
-4.019145	5.360715	-4.015731	5.357661	4
-4.019145	5.360715	-4.023854	5.356878	3
-4.019145	5.360715	-4.004951	5.368954	2
-3.970119	5.372886	-3.951586	5.370134	2
-3.970119	5.372886	-3.973996	5.396387	1
-3.970119	5.372886	-3.990324	5.372785	1
-3.970119	5.372886	-3.956748	5.378876	4
-3.970119	5.372886	-3.956538	5.370529	3
-3.970119	5.372886	-3.979273	5.366714	2
-3.970119	5.372886	-3.967674	5.384017	5
-3.970119	5.372886	-3.980657	5.36154	1
-3.970119	5.372886	-3.966466	5.370573	21
-3.970119	5.372886	-3.983911	5.381465	1
-3.970119	5.372886	-3.975456	5.363771	1
-3.975797	5.418142	-3.992448	5.436594	1
-3.975797	5.418142	-3.978407	5.402154	1
-3.975797	5.418142	-3.987618	5.419455	3
-4.094236	5.334197	-4.08849	5.333922	2
-4.094236	5.334197	-4.098681	5.341738	1
-4.094236	5.334197	-4.098707	5.321568	1
-4.094236	5.334197	-4.091508	5.338455	3
-4.094236	5.334197	-4.106697	5.33492	2
-4.094236	5.334197	-4.066507	5.361046	1
-4.094236	5.334197	-4.09802	5.316675	1
-7.54355	7.395898	-7.574889	7.372969	1
-7.54355	7.395898	-7.558489	7.407572	2
-3.734598	5.20874	-3.761142	5.210271	1
-3.734598	5.20874	-3.741967	5.208949	10
-3.734598	5.20874	-3.741038	5.216546	15
-6.839484	6.115042	-6.91038	5.965207	1
-6.839484	6.115042	-6.920581	6.095993	2
-4.035639	5.314499	-4.044116	5.308768	4
-4.035639	5.314499	-4.021144	5.305735	1
-4.09802	5.316675	-4.101965	5.32932	1
-4.09802	5.316675	-4.098707	5.321568	26
-4.09802	5.316675	-4.088784	5.312996	5
-4.09802	5.316675	-4.036388	5.347707	1
-4.09802	5.316675	-4.088085	5.321261	1
-4.09802	5.316675	-4.111146	5.325874	5
-4.09802	5.316675	-4.080665	5.323305	1
-4.09802	5.316675	-4.110951	5.315826	3
-4.09802	5.316675	-4.094236	5.334197	1
-4.09802	5.316675	-4.088099	5.307023	2
-5.277383	6.966191	-5.297313	6.889354	1
-5.277383	6.966191	-5.268273	7.030907	1
-4.986808	6.369647	-4.931111	6.070418	1
-4.986808	6.369647	-4.893759	6.574764	1
-5.034828	7.092473	-4.963677	7.095189	1
-5.034828	7.092473	-5.073717	7.097454	2
-4.464711	5.412637	-4.520345	5.4001	1
-4.893759	6.574764	-5.029667	6.681041	1
-6.730638	6.525348	-6.591126	6.486824	1
-4.006083	5.402037	-4.004014	5.396899	32
-4.006083	5.402037	-4.010922	5.399818	3
-4.006083	5.402037	-3.99589	5.400109	5
-4.006083	5.402037	-3.99805	5.407898	1
-4.006083	5.402037	-4.014643	5.365073	1
-4.006083	5.402037	-4.005653	5.406751	4
-4.018453	5.384969	-4.03299	5.354488	1
-4.018453	5.384969	-4.025338	5.377405	8
-4.018453	5.384969	-4.010922	5.399818	4
-4.018453	5.384969	-4.021973	5.366494	4
-4.018453	5.384969	-4.01503	5.374694	15
-4.018453	5.384969	-3.998567	5.386569	3
-4.018453	5.384969	-4.000748	5.374202	1
-4.018453	5.384969	-4.020957	5.396149	7
-4.051984	5.347102	-4.049699	5.332281	1
-4.051984	5.347102	-4.045457	5.340968	1
-4.051984	5.347102	-4.057114	5.339667	15
-4.051984	5.347102	-4.062846	5.345727	2
-4.051984	5.347102	-4.048045	5.354356	1
-4.051984	5.347102	-4.076574	5.363365	1
-3.976629	5.353939	-3.976829	5.351453	5
-3.976629	5.353939	-3.990324	5.372785	1
-3.976629	5.353939	-3.956748	5.378876	1
-3.976629	5.353939	-3.961963	5.349939	1
-3.976629	5.353939	-3.968842	5.355836	2
-3.976629	5.353939	-3.986897	5.352943	1
-3.976629	5.353939	-3.977899	5.345458	1
-3.976629	5.353939	-3.980657	5.36154	1
-3.976629	5.353939	-3.981183	5.347603	4
-3.976629	5.353939	-3.975456	5.363771	1
-4.066507	5.361046	-4.064887	5.35407	1
-4.066507	5.361046	-4.067051	5.366841	2
-7.549322	7.411446	-7.558489	7.407572	7
-7.574889	7.372969	-7.54355	7.395898	2
-7.574889	7.372969	-7.558489	7.407572	1
-3.975456	5.363771	-3.970119	5.372886	2
-3.975456	5.363771	-3.967674	5.384017	1
-3.975456	5.363771	-3.998696	5.348125	1
-3.975456	5.363771	-3.970887	5.36474	6
-3.975456	5.363771	-3.980657	5.36154	2
-6.188025	8.057509	-6.194959	8.070381	1
-3.953466	5.302947	-3.95544	5.296296	8
-3.953466	5.302947	-3.94374	5.309186	1
-3.953466	5.302947	-3.957629	5.310841	2
-3.953466	5.302947	-3.948061	5.301857	15
-3.953466	5.302947	-3.967119	5.299439	1
-5.243342	6.822054	-5.260911	6.809881	2
-5.243342	6.822054	-5.250039	6.802218	2
-5.243342	6.822054	-5.253321	6.820784	20
-5.243342	6.822054	-5.248607	6.847996	1
-5.243342	6.822054	-5.257207	6.840956	2
-4.098681	5.341738	-4.101965	5.32932	1
-4.098681	5.341738	-4.091508	5.338455	7
-4.098681	5.341738	-4.106697	5.33492	20
-4.098681	5.341738	-4.110586	5.330667	1
-4.098681	5.341738	-4.111146	5.325874	1
-4.098681	5.341738	-4.080665	5.323305	1
-4.098681	5.341738	-4.094236	5.334197	1
-4.350911	6.470088	-4.39997	6.462498	2
-6.564359	5.399278	-6.556094	5.408507	2
-3.986897	5.352943	-3.981183	5.347603	2
-3.986897	5.352943	-3.976629	5.353939	2
-3.986897	5.352943	-3.993232	5.354921	2
-4.089827	5.33062	-4.08849	5.333922	9
-4.089827	5.33062	-4.08183	5.331853	3
-4.089827	5.33062	-4.073871	5.333064	2
-4.089827	5.33062	-4.098707	5.321568	1
-4.089827	5.33062	-4.088085	5.321261	12
-4.089827	5.33062	-4.110586	5.330667	1
-4.089827	5.33062	-4.111146	5.325874	1
-4.089827	5.33062	-4.080665	5.323305	7
-4.089827	5.33062	-4.09802	5.316675	1
-4.089827	5.33062	-4.07382	5.342848	1
-4.089827	5.33062	-4.089831	5.366032	1
-4.089827	5.33062	-4.011197	5.334394	1
-3.996917	5.338776	-3.997956	5.335125	11
-3.996917	5.338776	-3.988471	5.341687	1
-3.996917	5.338776	-4.004406	5.340151	3
-3.996917	5.338776	-4.000633	5.334601	1
-3.948061	5.301857	-3.94374	5.309186	5
-3.948061	5.301857	-3.947516	5.310266	5
-3.948061	5.301857	-3.948415	5.291229	5
-3.948061	5.301857	-3.962161	5.297789	1
-3.948061	5.301857	-3.957629	5.310841	1
-3.948061	5.301857	-3.953466	5.302947	9
-3.948061	5.301857	-3.95544	5.296296	20
-4.010331	5.433724	-4.010147	5.42625	1
-4.010331	5.433724	-4.018149	5.431777	3
-4.010331	5.433724	-4.014445	5.42112	2
-4.010331	5.433724	-4.006585	5.435913	7
-4.010331	5.433724	-3.988129	5.426968	1
-4.010331	5.433724	-3.999674	5.423816	1
-4.010331	5.433724	-4.019121	5.42385	1
-4.010331	5.433724	-4.013611	5.438612	8
-4.010331	5.433724	-4.015951	5.433888	5
-4.010331	5.433724	-4.012899	5.443486	1
-4.022785	5.348971	-4.020374	5.347431	1
-4.022785	5.348971	-4.025873	5.349383	1
-4.022785	5.348971	-4.022178	5.347719	1
-4.014864	5.317636	-4.014864	5.317638	2
-3.977307	5.299651	-3.948061	5.301857	1
-3.977307	5.299651	-3.97537	5.303743	5
-3.977307	5.299651	-3.973681	5.302463	13
-3.977307	5.299651	-3.967119	5.299439	1
-3.977307	5.299651	-3.971989	5.311081	1
-3.977307	5.299651	-3.976474	5.308242	1
-4.054213	5.356424	-4.092211	5.349731	1
-4.054213	5.356424	-4.03299	5.354488	2
-4.054213	5.356424	-4.019145	5.360715	1
-4.054213	5.356424	-4.064887	5.35407	1
-4.054213	5.356424	-4.048045	5.354356	4
-4.054213	5.356424	-4.067051	5.366841	2
-6.585165	6.474772	-6.591126	6.486824	7
-4.025267	5.356514	-4.026443	5.355336	2
-4.025267	5.356514	-4.024002	5.359853	1
-4.025267	5.356514	-4.03299	5.354488	1
-4.014643	5.365073	-4.025338	5.377405	6
-4.014643	5.365073	-4.002239	5.353209	1
-4.014643	5.365073	-4.021973	5.366494	8
-4.014643	5.365073	-4.019145	5.360715	3
-4.014643	5.365073	-4.015731	5.357661	4
-4.014643	5.365073	-4.023854	5.356878	2
-4.0155	5.353386	-4.015731	5.357661	2
-4.0155	5.353386	-3.951586	5.370134	1
-4.0155	5.353386	-4.020374	5.347431	5
-4.0155	5.353386	-4.009713	5.34732	2
-4.0155	5.353386	-4.007751	5.329997	1
-3.81531	6.198773	-3.765255	6.230481	1
-3.909364	5.239959	-3.900311	5.242825	4
-3.909364	5.239959	-3.907973	5.249202	3
-3.909364	5.239959	-3.886351	5.241777	1
-3.909364	5.239959	-3.918318	5.242714	4
-3.909364	5.239959	-3.912997	5.24845	8
-5.046261	7.671804	-5.036647	7.701393	1
-5.046261	7.671804	-5.060519	7.705747	2
-5.046261	7.671804	-5.057637	7.682969	13
-5.046261	7.671804	-5.027187	7.651894	3
-5.046261	7.671804	-5.031158	7.681516	5
-5.046261	7.671804	-5.075063	7.667443	4
-5.649694	9.460815	-5.625662	9.474096	1
-5.649694	9.460815	-5.630547	9.453492	1
-6.838689	8.077641	-6.670667	7.965074	1
-7.630437	7.458949	-7.559087	7.124531	1
-3.726429	5.228471	-3.734598	5.20874	1
-3.726429	5.228471	-3.741038	5.216546	3
-8.160174	7.267459	-8.152263	7.259263	4
-5.29597	6.847863	-5.278736	6.867756	2
-5.29597	6.847863	-5.257207	6.840956	1
-5.270035	6.807758	-5.260911	6.809881	19
-5.270035	6.807758	-5.275967	6.818977	26
-5.270035	6.807758	-5.29165	6.824332	5
-5.270035	6.807758	-5.261862	6.821173	4
-5.270035	6.807758	-5.28663	6.799785	6
-5.270035	6.807758	-5.257207	6.840956	1
-5.270035	6.807758	-5.276244	6.781851	1
-5.270035	6.807758	-5.273617	6.793558	5
-4.025338	5.377405	-4.01503	5.374694	2
-4.025338	5.377405	-4.024601	5.363671	1
-4.025338	5.377405	-4.021973	5.366494	2
-4.025338	5.377405	-4.03299	5.354488	1
-4.025338	5.377405	-4.018453	5.384969	14
-4.025338	5.377405	-4.019145	5.360715	1
-4.025338	5.377405	-4.026443	5.355336	1
-4.025338	5.377405	-4.014643	5.365073	4
-4.025338	5.377405	-4.023316	5.353329	2
-4.025338	5.377405	-4.014445	5.42112	1
-3.393341	6.251808	-3.543346	6.221734	1
-3.393341	6.251808	-3.37261	6.4347	1
-3.393341	6.251808	-3.333329	6.299667	1
-3.08964	5.373443	-3.211824	5.390026	2
-3.989137	5.363434	-3.979273	5.366714	8
-3.989137	5.363434	-3.999637	5.371768	8
-3.989137	5.363434	-3.990324	5.372785	10
-3.989137	5.363434	-4.010922	5.399818	1
-3.989137	5.363434	-3.986897	5.352943	2
-3.989137	5.363434	-3.980657	5.36154	11
-3.989137	5.363434	-3.993232	5.354921	1
-3.989137	5.363434	-3.99866	5.3584	2
-3.989137	5.363434	-3.993941	5.375575	3
-3.989137	5.363434	-3.976474	5.308242	1
-6.678872	4.762784	-6.66898	4.772571	9
-6.678872	4.762784	-6.65866	4.76788	2
-6.678872	4.762784	-6.649482	4.725307	1
-6.678872	4.762784	-6.622706	4.74054	1
-6.607487	5.786158	-6.615019	5.77325	8
-4.036388	5.347707	-4.031563	5.338566	4
-4.036388	5.347707	-4.03299	5.354488	3
-4.036388	5.347707	-4.023901	5.333848	1
-4.036388	5.347707	-4.031213	5.346444	5
-4.036388	5.347707	-4.045457	5.340968	2
-4.036388	5.347707	-4.026443	5.355336	1
-4.036388	5.347707	-4.057114	5.339667	2
-4.036388	5.347707	-4.062846	5.345727	1
-4.036388	5.347707	-4.048045	5.354356	1
-4.057114	5.339667	-4.049699	5.332281	1
-4.057114	5.339667	-4.009713	5.34732	1
-4.057114	5.339667	-4.045457	5.340968	3
-4.057114	5.339667	-4.019145	5.360715	1
-4.057114	5.339667	-4.051984	5.347102	13
-4.057114	5.339667	-4.057111	5.333743	29
-4.057114	5.339667	-4.062846	5.345727	14
-4.057114	5.339667	-4.063759	5.346845	1
-4.057114	5.339667	-4.059708	5.328403	3
-4.057114	5.339667	-4.064482	5.337499	2
-3.992448	5.436594	-3.983764	5.545714	1
-3.992448	5.436594	-4.006585	5.435913	6
-3.992448	5.436594	-3.988129	5.426968	3
-3.992448	5.436594	-3.999674	5.423816	4
-3.992448	5.436594	-3.994769	5.432752	5
-3.992448	5.436594	-4.010331	5.433724	2
-3.992448	5.436594	-4.013611	5.438612	1
-5.596282	9.303588	-5.729851	9.224298	1
-4.063565	5.445851	-4.039971	5.441761	1
-4.063565	5.445851	-4.051118	5.446725	3
-4.063565	5.445851	-4.059227	5.436523	6
-4.063565	5.445851	-4.054454	5.452798	9
-4.769442	5.855244	-4.836461	5.8993	1
-5.151122	6.660933	-5.029667	6.681041	2
-3.759741	7.055896	-3.888782	6.953638	1
-4.053941	5.317747	-4.053861	5.325659	1
-4.053941	5.317747	-4.049699	5.332281	1
-4.053941	5.317747	-4.044116	5.308768	1
-4.053941	5.317747	-4.044807	5.32148	2
-4.053941	5.317747	-4.060124	5.318207	4
-4.053941	5.317747	-4.059708	5.328403	1
-5.466451	7.990722	-5.487001	7.897072	1
-4.098707	5.321568	-4.101965	5.32932	14
-4.098707	5.321568	-4.111146	5.325874	4
-4.098707	5.321568	-4.110951	5.315826	1
-4.098707	5.321568	-4.094236	5.334197	1
-4.098707	5.321568	-4.09802	5.316675	29
-3.994769	5.432752	-4.006585	5.435913	1
-3.994769	5.432752	-3.997226	5.417191	1
-3.994769	5.432752	-3.988129	5.426968	1
-3.994769	5.432752	-3.999674	5.423816	6
-3.994769	5.432752	-3.992448	5.436594	4
-3.994769	5.432752	-4.007219	5.418145	1
-6.556094	5.408507	-6.554129	5.397204	2
-6.556094	5.408507	-6.564359	5.399278	3
-6.556094	5.408507	-6.626656	5.420351	1
-4.019121	5.42385	-4.025898	5.414137	1
-4.019121	5.42385	-4.010147	5.42625	1
-4.019121	5.42385	-4.01321	5.413054	2
-4.019121	5.42385	-4.014445	5.42112	11
-4.019121	5.42385	-4.018753	5.420699	1
-4.019121	5.42385	-4.028116	5.426486	1
-4.019121	5.42385	-4.02162	5.419177	3
-4.520345	5.4001	-4.464711	5.412637	2
-5.056944	7.72555	-5.060519	7.705747	1
-5.056944	7.72555	-5.01455	7.67953	1
-5.056944	7.72555	-5.056944	7.72555	3
-3.514883	6.721583	-3.495588	6.715023	4
-3.514883	6.721583	-3.508544	6.740343	1
-3.514883	6.721583	-3.512154	6.734689	5
-3.514883	6.721583	-3.496235	6.72941	5
-3.393465	5.377509	-3.333382	5.400626	4
-3.393465	5.377509	-3.357625	5.486608	1
-5.253321	6.820784	-5.270035	6.807758	3
-5.253321	6.820784	-5.260911	6.809881	27
-5.253321	6.820784	-5.243342	6.822054	21
-5.253321	6.820784	-5.275967	6.818977	2
-5.253321	6.820784	-5.261862	6.821173	13
-5.253321	6.820784	-5.274026	6.825037	1
-5.253321	6.820784	-5.257207	6.840956	9
-4.099694	5.3547	-4.093978	5.351223	1
-4.051118	5.446725	-4.015951	5.433888	1
-4.051118	5.446725	-4.0216	5.446905	1
-4.051118	5.446725	-4.054454	5.452798	6
-4.051118	5.446725	-4.063565	5.445851	3
-4.051118	5.446725	-4.029536	5.446151	4
-4.051118	5.446725	-4.044759	5.436365	6
-7.523694	9.529498	-7.564386	9.502505	3
-5.036647	7.701393	-5.031067	7.715351	1
-5.036647	7.701393	-5.060519	7.705747	1
-5.036647	7.701393	-5.031158	7.681516	3
-5.036647	7.701393	-5.046261	7.671804	2
-4.049699	5.332281	-4.053941	5.317747	1
-4.049699	5.332281	-4.053861	5.325659	1
-4.049699	5.332281	-4.045457	5.340968	3
-4.049699	5.332281	-4.057111	5.333743	7
-4.049699	5.332281	-4.051984	5.347102	1
-4.049699	5.332281	-4.057114	5.339667	3
-4.049699	5.332281	-4.039695	5.327666	2
-4.049699	5.332281	-4.059708	5.328403	1
-4.049699	5.332281	-4.063759	5.346845	1
-4.049699	5.332281	-4.047327	5.330121	13
-5.153277	5.890399	-5.026854	5.93634	1
-4.111146	5.325874	-4.115737	5.323931	8
-4.111146	5.325874	-4.098681	5.341738	1
-4.111146	5.325874	-4.098707	5.321568	6
-4.111146	5.325874	-4.106697	5.33492	1
-4.111146	5.325874	-4.110586	5.330667	9
-4.111146	5.325874	-4.110951	5.315826	8
-4.111146	5.325874	-4.09802	5.316675	4
-6.455458	6.854143	-6.442098	6.856231	2
-3.508544	6.740343	-3.489765	6.739238	4
-3.508544	6.740343	-3.512154	6.734689	22
-3.508544	6.740343	-3.496235	6.72941	2
-3.961623	5.344896	-3.972668	5.338835	2
-3.961623	5.344896	-3.968842	5.355836	1
-3.961623	5.344896	-3.958797	5.326502	2
-3.961623	5.344896	-3.954244	5.346763	1
-3.961623	5.344896	-3.960442	5.336617	1
-3.961623	5.344896	-3.970887	5.36474	1
-6.283844	5.673284	-6.264471	5.656026	2
-5.799253	6.041612	-5.868789	6.090734	1
-5.417676	6.385409	-5.356759	6.4316	4
-5.417676	6.385409	-5.502224	6.346656	1
-5.417676	6.385409	-5.419338	6.403413	13
-5.417676	6.385409	-5.217724	6.370207	1
-5.419338	6.403413	-5.417676	6.385409	9
-5.419338	6.403413	-5.502224	6.346656	2
-6.586605	6.015938	-6.660906	6.022803	1
-4.01503	5.374694	-3.991798	5.379097	1
-4.01503	5.374694	-3.999637	5.371768	1
-4.01503	5.374694	-4.025338	5.377405	5
-4.01503	5.374694	-4.010922	5.399818	1
-4.01503	5.374694	-4.021973	5.366494	1
-4.01503	5.374694	-4.018453	5.384969	10
-4.01503	5.374694	-3.998567	5.386569	3
-4.01503	5.374694	-4.000748	5.374202	1
-4.01503	5.374694	-4.006901	5.394319	1
-4.01503	5.374694	-4.004951	5.368954	1
-6.595686	5.940536	-6.600531	5.959034	4
-4.002239	5.353209	-4.020949	5.357459	1
-4.002239	5.353209	-3.987795	5.387504	1
-4.002239	5.353209	-3.998696	5.348125	5
-4.002239	5.353209	-4.009713	5.34732	2
-4.002239	5.353209	-4.019145	5.360715	2
-4.002239	5.353209	-4.062846	5.345727	1
-4.002239	5.353209	-4.004406	5.340151	1
-4.002239	5.353209	-4.011197	5.334394	1
-4.002239	5.353209	-4.014643	5.365073	1
-4.002239	5.353209	-4.015731	5.357661	2
-4.002239	5.353209	-4.006379	5.342979	1
-4.002239	5.353209	-4.011513	5.320095	1
-4.002239	5.353209	-4.004951	5.368954	2
-3.956748	5.378876	-3.951586	5.370134	4
-3.956748	5.378876	-3.956425	5.383992	8
-3.956748	5.378876	-3.956538	5.370529	1
-3.956748	5.378876	-3.970119	5.372886	6
-3.956748	5.378876	-3.967674	5.384017	5
-3.956748	5.378876	-3.966466	5.370573	7
-6.445289	6.903603	-6.450498	6.886308	6
-6.445289	6.903603	-6.432639	6.893828	18
-6.183911	4.989307	-6.084862	4.974524	2
-3.998567	5.386569	-3.991798	5.379097	9
-3.998567	5.386569	-3.994207	5.396479	3
-3.998567	5.386569	-4.01503	5.374694	1
-3.998567	5.386569	-3.987795	5.387504	8
-3.998567	5.386569	-4.010922	5.399818	2
-3.998567	5.386569	-4.018453	5.384969	2
-3.998567	5.386569	-4.000748	5.374202	3
-3.998567	5.386569	-4.006901	5.394319	6
-3.998567	5.386569	-3.993941	5.375575	1
-3.998567	5.386569	-3.999637	5.371768	1
-6.646964	5.610841	-6.78784	5.760175	1
-4.062846	5.345727	-4.069498	5.346651	4
-4.062846	5.345727	-4.073444	5.339271	1
-4.062846	5.345727	-4.067936	5.346604	8
-4.062846	5.345727	-4.091508	5.338455	1
-4.062846	5.345727	-4.065106	5.331971	1
-4.062846	5.345727	-4.051984	5.347102	4
-4.062846	5.345727	-4.057114	5.339667	18
-4.062846	5.345727	-4.064887	5.35407	2
-4.062846	5.345727	-4.064482	5.337499	8
-4.062846	5.345727	-4.063759	5.346845	3
-4.062846	5.345727	-4.07382	5.342848	2
-4.011197	5.334394	-4.021516	5.337642	1
-4.011197	5.334394	-4.006379	5.342979	3
-4.011197	5.334394	-4.002239	5.353209	1
-4.011197	5.334394	-4.020806	5.330888	1
-4.054454	5.452798	-4.051118	5.446725	8
-4.054454	5.452798	-4.051642	5.460177	8
-4.054454	5.452798	-4.063565	5.445851	9
-4.054454	5.452798	-4.0216	5.446905	2
-4.054454	5.452798	-4.02693	5.433253	2
-3.99475	5.327443	-3.998233	5.324333	1
-4.004951	5.368954	-4.01503	5.374694	1
-4.004951	5.368954	-3.999637	5.371768	15
-4.004951	5.368954	-4.002239	5.353209	1
-4.004951	5.368954	-4.021973	5.366494	1
-4.004951	5.368954	-4.018453	5.384969	1
-4.004951	5.368954	-4.019145	5.360715	1
-4.004951	5.368954	-4.000748	5.374202	2
-4.004951	5.368954	-4.014643	5.365073	1
-4.004951	5.368954	-3.99866	5.3584	1
-4.004951	5.368954	-4.023854	5.356878	1
-4.004832	7.645522	-4.210963	7.683941	1
-4.069498	5.346651	-4.062846	5.345727	2
-4.069498	5.346651	-4.067936	5.346604	4
-4.069498	5.346651	-4.073871	5.333064	1
-4.069498	5.346651	-4.07382	5.342848	16
-4.069498	5.346651	-4.064887	5.35407	2
-3.990324	5.372785	-3.991798	5.379097	2
-3.990324	5.372785	-3.994207	5.396479	2
-3.990324	5.372785	-3.979273	5.366714	6
-3.990324	5.372785	-3.999637	5.371768	1
-3.990324	5.372785	-3.989137	5.363434	9
-3.990324	5.372785	-3.993941	5.375575	4
-3.990324	5.372785	-4.000748	5.374202	2
-3.990324	5.372785	-4.01714	5.321476	1
-3.725257	5.19271	-3.761142	5.210271	1
-3.725257	5.19271	-3.726429	5.228471	1
-3.970385	5.303291	-3.963821	5.304552	5
-3.970385	5.303291	-3.977307	5.299651	1
-3.970385	5.303291	-3.97537	5.303743	2
-3.970385	5.303291	-3.973681	5.302463	25
-3.970385	5.303291	-3.967119	5.299439	18
-3.970385	5.303291	-3.971989	5.311081	5
-3.970385	5.303291	-3.976474	5.308242	5
-3.198878	5.483006	-3.204099	5.46974	13
-3.198878	5.483006	-3.211737	5.469107	15
-5.275967	6.818977	-5.270035	6.807758	32
-5.275967	6.818977	-5.260911	6.809881	9
-5.275967	6.818977	-5.29165	6.824332	7
-5.275967	6.818977	-5.261862	6.821173	6
-5.275967	6.818977	-5.274026	6.825037	14
-5.275967	6.818977	-5.28663	6.799785	1
-5.275967	6.818977	-5.257207	6.840956	7
-5.275967	6.818977	-5.253321	6.820784	2
-4.020102	5.315223	-4.026684	5.328545	1
-4.020102	5.315223	-4.016019	5.308711	4
-4.020102	5.315223	-4.025588	5.32152	1
-4.020102	5.315223	-4.035639	5.314499	1
-4.020806	5.330888	-4.02345	5.328242	1
-4.020806	5.330888	-4.019965	5.32783	1
-4.020806	5.330888	-4.007751	5.329997	1
-5.248607	6.847996	-5.243575	6.865502	2
-5.248607	6.847996	-5.257207	6.840956	1
-3.979848	5.339804	-3.981183	5.347603	1
-3.979848	5.339804	-3.982461	5.331994	1
-3.979848	5.339804	-3.977899	5.345458	8
-3.204099	5.46974	-3.198878	5.483006	16
-3.204099	5.46974	-3.211737	5.469107	14
-3.977899	5.345458	-3.976829	5.351453	2
-3.977899	5.345458	-3.968803	5.348878	8
-3.977899	5.345458	-3.972668	5.338835	13
-3.977899	5.345458	-3.982461	5.331994	4
-3.977899	5.345458	-3.935408	5.363574	1
-3.977899	5.345458	-3.979848	5.339804	7
-3.977899	5.345458	-3.976629	5.353939	7
-3.977899	5.345458	-3.981183	5.347603	14
-3.977899	5.345458	-3.957371	5.358006	1
-3.967674	5.384017	-3.973996	5.396387	1
-3.967674	5.384017	-3.956748	5.378876	5
-3.967674	5.384017	-3.960988	5.363379	1
-3.967674	5.384017	-3.970119	5.372886	6
-3.967674	5.384017	-3.977899	5.345458	1
-3.967674	5.384017	-3.966466	5.370573	3
-3.967674	5.384017	-3.978126	5.37435	1
-3.967674	5.384017	-3.978407	5.402154	1
-4.023316	5.353329	-4.03299	5.354488	5
-4.023316	5.353329	-4.025338	5.377405	1
-4.023316	5.353329	-4.020596	5.35227	3
-4.023316	5.353329	-4.0155	5.353386	1
-4.023316	5.353329	-4.015731	5.357661	1
-4.023316	5.353329	-4.023854	5.356878	2
-3.470933	6.720536	-3.495588	6.715023	1
-3.470933	6.720536	-3.489765	6.739238	4
-3.470933	6.720536	-3.496235	6.72941	7
-3.470933	6.720536	-3.485944	6.729422	4
-4.32055	6.08949	-4.470855	6.076311	1
-4.013449	5.307591	-4.004623	5.311905	1
-4.013449	5.307591	-4.012045	5.310706	14
-4.013449	5.307591	-4.021144	5.305735	5
-4.013449	5.307591	-4.020806	5.330888	1
-4.013449	5.307591	-4.016019	5.308711	6
-4.371027	5.334358	-4.323761	5.340854	1
-4.371027	5.334358	-4.375537	5.318976	7
-4.371027	5.334358	-4.398675	5.332066	1
-4.072201	5.356907	-4.066507	5.361046	1
-4.072201	5.356907	-4.073932	5.355972	8
-4.072201	5.356907	-4.07382	5.342848	1
-4.072201	5.356907	-4.069111	5.351727	2
-4.072201	5.356907	-4.054213	5.356424	1
-4.000592	5.411181	-3.992217	5.406264	4
-4.000592	5.411181	-4.005636	5.414592	2
-4.000592	5.411181	-3.99997	5.403825	2
-4.000592	5.411181	-3.99805	5.407898	4
-4.000592	5.411181	-3.997226	5.417191	3
-4.000592	5.411181	-4.005653	5.406751	4
-4.012103	5.409001	-4.025898	5.414137	1
-4.012103	5.409001	-4.01321	5.413054	3
-4.012103	5.409001	-4.02162	5.419177	1
-4.012103	5.409001	-4.020957	5.396149	2
-4.047327	5.330121	-4.053861	5.325659	1
-4.047327	5.330121	-4.049699	5.332281	11
-4.047327	5.330121	-4.057111	5.333743	1
-4.047327	5.330121	-4.057114	5.339667	1
-4.047327	5.330121	-4.062846	5.345727	1
-4.047327	5.330121	-4.044807	5.32148	1
-4.047327	5.330121	-4.039695	5.327666	1
-4.025898	5.414137	-4.028116	5.426486	2
-4.025898	5.414137	-4.02162	5.419177	1
-4.025898	5.414137	-4.012103	5.409001	3
-4.025898	5.414137	-4.02693	5.433253	1
-6.91038	5.965207	-6.839484	6.115042	1
-6.91038	5.965207	-6.920581	6.095993	1
-3.973996	5.396387	-3.981421	5.398935	2
-3.973996	5.396387	-3.979221	5.408609	1
-3.973996	5.396387	-3.970119	5.372886	1
-3.973996	5.396387	-3.968872	5.392038	4
-3.973996	5.396387	-3.981818	5.393693	1
-3.973996	5.396387	-3.978407	5.402154	21
-5.923428	5.287617	-6.003071	5.414547	2
-4.074105	5.330317	-4.07382	5.342848	1
-4.074105	5.330317	-4.073926	5.329682	1
-4.074105	5.330317	-4.059227	5.436523	1
-6.221344	5.053563	-6.370024	4.905353	1
-6.271604	6.492347	-6.280406	6.482835	5
-6.271604	6.492347	-6.320198	6.54833	1
-5.284679	7.451474	-5.392878	7.352591	6
-5.268273	7.030907	-5.225292	7.140274	2
-5.268273	7.030907	-5.277383	6.966191	1
-4.005636	5.414592	-4.01321	5.413054	1
-4.005636	5.414592	-4.014445	5.42112	5
-4.005636	5.414592	-3.999674	5.423816	3
-4.005636	5.414592	-4.019121	5.42385	1
-4.005636	5.414592	-4.005653	5.406751	3
-4.005636	5.414592	-4.000592	5.411181	3
-6.622706	4.74054	-6.66898	4.772571	2
-6.622706	4.74054	-6.629436	4.745129	4
-6.622706	4.74054	-6.638127	4.743548	1
-6.622706	4.74054	-6.613363	4.736188	5
-6.622706	4.74054	-6.649482	4.725307	1
-3.568572	7.940226	-3.542469	7.810267	1
-5.808033	6.648569	-6.04054	6.786449	1
-3.136051	5.393767	-3.164583	5.29179	1
-4.044807	5.32148	-4.053941	5.317747	4
-4.044807	5.32148	-4.053861	5.325659	4
-4.044807	5.32148	-4.057111	5.333743	1
-4.044807	5.32148	-4.039175	5.321305	4
-4.044807	5.32148	-4.039695	5.327666	3
-4.044807	5.32148	-4.060124	5.318207	1
-4.044807	5.32148	-4.059708	5.328403	1
-4.044807	5.32148	-4.047327	5.330121	1
-2.982229	8.148595	-2.981291	8.287601	2
-4.063759	5.346845	-4.062846	5.345727	6
-6.797353	5.824882	-6.78784	5.760175	1
-6.084862	4.974524	-6.183911	4.989307	1
-4.016019	5.308711	-4.025588	5.32152	1
-4.016019	5.308711	-4.013449	5.307591	3
-4.016019	5.308711	-4.020102	5.315223	3
-4.016019	5.308711	-4.021144	5.305735	1
-4.016019	5.308711	-4.028446	5.330621	1
-4.016019	5.308711	-4.019877	5.32314	1
-4.031563	5.338566	-4.023901	5.333848	1
-4.031563	5.338566	-4.0264	5.341349	1
-4.031563	5.338566	-4.018204	5.327251	1
-4.031563	5.338566	-4.045457	5.340968	1
-4.031563	5.338566	-4.036388	5.347707	4
-4.031563	5.338566	-4.072201	5.356907	1
-4.031563	5.338566	-4.028446	5.330621	1
-4.031563	5.338566	-4.039695	5.327666	2
-6.670667	7.965074	-6.681608	7.954907	7
-6.670667	7.965074	-6.558591	8.109144	1
-5.022029	7.727629	-5.02997	7.743987	2
-5.022029	7.727629	-5.031067	7.715351	1
-5.022029	7.727629	-4.991186	7.718325	1
-6.698068	5.532563	-6.69892	5.391193	1
-5.297313	6.889354	-5.326043	6.839458	1
-5.297313	6.889354	-5.418121	6.885821	2
-4.055803	5.489903	-4.088991	5.526551	1
-4.055803	5.489903	-4.049611	5.493694	29
-4.055803	5.489903	-4.055642	5.476997	2
-4.069111	5.351727	-4.072201	5.356907	2
-4.069111	5.351727	-4.064887	5.35407	6
-6.651274	4.778034	-6.644531	4.761053	1
-6.651274	4.778034	-6.66898	4.772571	1
-6.651274	4.778034	-6.65866	4.76788	6
-6.651274	4.778034	-6.639379	4.803877	1
-5.720149	8.137478	-6.023974	8.412343	1
-4.054094	5.471627	-4.049611	5.493694	2
-4.054094	5.471627	-4.055642	5.476997	2
-4.080665	5.323305	-4.08849	5.333922	7
-4.080665	5.323305	-4.074105	5.330317	1
-4.080665	5.323305	-4.078347	5.318462	16
-4.080665	5.323305	-4.106697	5.33492	1
-4.080665	5.323305	-4.073926	5.329682	10
-4.080665	5.323305	-4.088085	5.321261	7
-4.080665	5.323305	-4.089827	5.33062	8
-4.080665	5.323305	-4.07045	5.322654	1
-4.080665	5.323305	-4.08183	5.331853	5
-4.021144	5.305735	-4.016019	5.308711	1
-4.021144	5.305735	-4.020102	5.315223	1
-4.021144	5.305735	-4.013449	5.307591	5
-3.980657	5.36154	-3.989137	5.363434	10
-3.980657	5.36154	-3.979273	5.366714	1
-3.980657	5.36154	-3.975456	5.363771	2
-3.980657	5.36154	-3.970887	5.36474	2
-3.980657	5.36154	-3.976629	5.353939	1
-5.909124	6.627758	-5.921794	6.610487	9
-3.974381	5.408791	-3.979221	5.408609	2
-3.974381	5.408791	-3.978407	5.402154	1
-6.038795	5.308711	-5.923428	5.287617	1
-6.038795	5.308711	-6.003071	5.414547	2
-4.079025	5.353319	-4.092211	5.349731	1
-4.079025	5.353319	-4.07382	5.342848	2
-4.079025	5.353319	-4.085163	5.345281	1
-4.079025	5.353319	-4.076574	5.363365	1
-4.079025	5.353319	-4.078238	5.342349	1
-4.079025	5.353319	-4.064887	5.35407	1
-4.026684	5.328545	-4.02345	5.328242	1
-4.026684	5.328545	-4.039695	5.327666	1
-4.026684	5.328545	-4.025588	5.32152	2
-4.026684	5.328545	-4.023901	5.333848	1
-4.026684	5.328545	-4.031213	5.346444	1
-3.999637	5.371768	-3.994207	5.396479	1
-3.999637	5.371768	-4.01503	5.374694	2
-3.999637	5.371768	-3.998696	5.348125	1
-3.999637	5.371768	-3.990324	5.372785	2
-3.999637	5.371768	-3.989137	5.363434	7
-3.999637	5.371768	-3.993941	5.375575	5
-3.999637	5.371768	-4.019145	5.360715	1
-3.999637	5.371768	-4.000748	5.374202	6
-3.999637	5.371768	-3.99866	5.3584	2
-3.999637	5.371768	-4.004951	5.368954	18
-3.998696	5.348125	-3.998233	5.324333	1
-3.998696	5.348125	-3.997911	5.344791	4
-3.998696	5.348125	-3.997956	5.335125	1
-3.998696	5.348125	-4.002239	5.353209	4
-3.998696	5.348125	-4.009713	5.34732	2
-6.442098	6.856231	-6.455458	6.854143	1
-6.442098	6.856231	-6.44185	6.871595	2
-6.442098	6.856231	-6.433916	6.865056	8
-6.442098	6.856231	-6.406859	6.81041	1
-7.080512	4.674656	-7.113375	4.743886	1
-4.02345	5.328242	-4.026684	5.328545	1
-4.02345	5.328242	-4.023901	5.333848	1
-4.02345	5.328242	-4.019965	5.32783	1
-4.02345	5.328242	-4.023072	5.323831	1
-4.02345	5.328242	-4.020806	5.330888	2
-4.02345	5.328242	-4.021495	5.325344	3
-4.701064	6.642362	-4.705146	6.647368	14
-3.958797	5.326502	-3.94374	5.309186	1
-3.958797	5.326502	-3.947516	5.310266	3
-3.958797	5.326502	-3.972668	5.338835	1
-3.958797	5.326502	-3.943354	5.329308	12
-3.958797	5.326502	-3.957629	5.310841	1
-3.958797	5.326502	-3.946385	5.34052	1
-3.958797	5.326502	-3.961623	5.344896	1
-3.958797	5.326502	-3.9465	5.334642	4
-3.958797	5.326502	-3.960442	5.336617	3
-3.977956	5.390427	-3.987795	5.387504	1
-3.977956	5.390427	-3.978407	5.402154	1
-3.977956	5.390427	-3.968872	5.392038	2
-3.977956	5.390427	-3.978126	5.37435	1
-3.977956	5.390427	-3.983911	5.381465	4
-3.977956	5.390427	-3.981818	5.393693	6
-5.921794	6.610487	-5.909124	6.627758	8
-4.226197	5.32006	-4.196007	5.318276	1
-5.273617	6.793558	-5.276244	6.781851	11
-5.273617	6.793558	-5.260561	6.788305	2
-5.273617	6.793558	-5.28663	6.799785	5
-5.273617	6.793558	-5.270035	6.807758	5
-5.273617	6.793558	-5.261862	6.821173	1
-4.064887	5.35407	-4.073932	5.355972	1
-4.064887	5.35407	-4.03299	5.354488	1
-4.064887	5.35407	-4.069111	5.351727	7
-4.064887	5.35407	-4.069498	5.346651	1
-4.064887	5.35407	-4.054213	5.356424	1
-4.064887	5.35407	-4.062846	5.345727	1
-4.064887	5.35407	-4.067051	5.366841	1
-4.064887	5.35407	-4.066507	5.361046	1
-4.064887	5.35407	-4.063759	5.346845	1
-4.064887	5.35407	-4.014304	5.342935	1
-4.064887	5.35407	-4.079025	5.353319	1
-6.819456	5.760641	-6.615019	5.77325	1
-6.819456	5.760641	-6.593956	5.775369	1
-6.819456	5.760641	-6.607487	5.786158	3
-6.615019	5.77325	-6.588124	5.788395	4
-6.615019	5.77325	-6.593956	5.775369	3
-6.615019	5.77325	-6.607487	5.786158	8
-6.615019	5.77325	-6.819456	5.760641	4
-4.012899	5.443486	-4.029536	5.446151	1
-4.012899	5.443486	-4.017303	5.446589	3
-4.012899	5.443486	-4.0216	5.446905	1
-4.012899	5.443486	-4.011552	5.450978	1
-4.012899	5.443486	-4.013611	5.438612	7
-4.012899	5.443486	-4.010331	5.433724	2
-3.989324	5.394109	-3.994207	5.396479	10
-3.989324	5.394109	-3.981421	5.398935	1
-3.989324	5.394109	-3.987795	5.387504	2
-3.989324	5.394109	-4.004014	5.396899	1
-3.989324	5.394109	-3.992217	5.406264	1
-3.989324	5.394109	-3.998567	5.386569	1
-3.989324	5.394109	-3.978407	5.402154	3
-3.989324	5.394109	-3.981818	5.393693	3
-3.989324	5.394109	-3.726429	5.228471	1
-3.989324	5.394109	-3.984856	5.404333	2
-4.07382	5.342848	-4.08849	5.333922	3
-4.07382	5.342848	-4.073932	5.355972	1
-4.07382	5.342848	-4.069498	5.346651	15
-4.07382	5.342848	-4.073871	5.333064	11
-4.07382	5.342848	-4.074105	5.330317	1
-4.07382	5.342848	-4.073444	5.339271	1
-4.07382	5.342848	-4.067936	5.346604	1
-4.07382	5.342848	-4.073926	5.329682	2
-4.07382	5.342848	-4.062846	5.345727	3
-4.07382	5.342848	-4.085163	5.345281	1
-4.07382	5.342848	-4.064482	5.337499	5
-4.07382	5.342848	-4.078238	5.342349	14
-4.07382	5.342848	-4.079025	5.353319	1
-4.07382	5.342848	-4.064887	5.35407	1
-5.74737	6.977082	-5.811856	6.968019	1
-5.74737	6.977082	-5.753299	6.98254	34
-5.74737	6.977082	-5.741224	6.994209	14
-5.74737	6.977082	-5.498242	6.926563	1
-3.976474	5.308242	-3.970385	5.303291	6
-3.976474	5.308242	-3.977307	5.299651	3
-3.976474	5.308242	-3.97537	5.303743	8
-3.976474	5.308242	-3.973681	5.302463	4
-3.976474	5.308242	-3.967119	5.299439	1
-3.976474	5.308242	-3.971989	5.311081	3
-3.912997	5.24845	-3.900311	5.242825	6
-3.912997	5.24845	-3.907973	5.249202	10
-3.912997	5.24845	-3.918318	5.242714	7
-3.912997	5.24845	-3.909364	5.239959	3
-3.912997	5.24845	-3.886351	5.241777	1
-4.08849	5.333922	-4.111146	5.325874	1
-4.08849	5.333922	-4.069498	5.346651	1
-4.08849	5.333922	-4.073871	5.333064	3
-4.08849	5.333922	-4.091508	5.338455	6
-4.08849	5.333922	-4.073926	5.329682	8
-4.08849	5.333922	-4.101965	5.32932	1
-4.08849	5.333922	-4.080665	5.323305	6
-4.08849	5.333922	-4.089827	5.33062	7
-4.08849	5.333922	-4.094236	5.334197	2
-4.08849	5.333922	-4.08183	5.331853	6
-4.08849	5.333922	-4.07382	5.342848	2
-4.08849	5.333922	-4.078238	5.342349	3
-4.08849	5.333922	-4.014304	5.342935	1
-4.000633	5.334601	-4.019145	5.360715	1
-4.000633	5.334601	-3.997956	5.335125	9
-4.000633	5.334601	-4.004406	5.340151	1
-4.000633	5.334601	-4.000861	5.329992	9
-4.000633	5.334601	-3.996917	5.338776	2
-4.03299	5.354488	-4.031213	5.346444	1
-4.03299	5.354488	-4.025338	5.377405	2
-4.03299	5.354488	-4.0264	5.341349	1
-4.03299	5.354488	-4.030648	5.362591	1
-4.03299	5.354488	-4.036388	5.347707	2
-4.03299	5.354488	-4.054213	5.356424	1
-4.03299	5.354488	-4.023316	5.353329	2
-4.03299	5.354488	-4.025873	5.349383	1
-3.94374	5.309186	-3.953466	5.302947	2
-3.94374	5.309186	-3.947516	5.310266	37
-3.94374	5.309186	-3.9465	5.334642	3
-3.94374	5.309186	-3.937196	5.306728	23
-3.94374	5.309186	-3.95544	5.296296	3
-3.94374	5.309186	-3.948061	5.301857	2
-4.044759	5.436365	-4.051118	5.446725	5
-4.044759	5.436365	-4.028116	5.426486	2
-3.956425	5.383992	-3.966466	5.370573	1
-3.956425	5.383992	-3.967674	5.384017	2
-3.956425	5.383992	-3.956748	5.378876	6
-3.992217	5.406264	-3.991798	5.379097	1
-3.992217	5.406264	-3.994207	5.396479	2
-3.992217	5.406264	-3.979221	5.408609	1
-3.992217	5.406264	-3.990324	5.372785	1
-3.992217	5.406264	-3.997226	5.417191	3
-3.992217	5.406264	-3.99805	5.407898	5
-3.992217	5.406264	-3.987618	5.419455	3
-3.992217	5.406264	-3.99589	5.400109	2
-3.992217	5.406264	-3.978407	5.402154	2
-3.992217	5.406264	-4.000592	5.411181	2
-3.992217	5.406264	-3.981818	5.393693	1
-3.992217	5.406264	-3.984856	5.404333	13
-6.470442	6.888433	-6.462767	6.87289	5
-6.470442	6.888433	-6.465024	6.945142	1
-6.470442	6.888433	-6.450498	6.886308	5
-6.470442	6.888433	-6.450498	6.886308	10
-4.028116	5.426486	-4.025898	5.414137	2
-4.028116	5.426486	-4.044759	5.436365	4
-4.028116	5.426486	-4.02693	5.433253	2
-4.028116	5.426486	-4.014445	5.42112	1
-4.028116	5.426486	-4.019121	5.42385	2
-4.028116	5.426486	-4.02162	5.419177	1
-3.993941	5.375575	-3.989137	5.363434	3
-3.993941	5.375575	-3.991798	5.379097	3
-3.993941	5.375575	-3.999637	5.371768	2
-3.993941	5.375575	-3.990324	5.372785	1
-3.968842	5.355836	-3.968803	5.348878	5
-3.968842	5.355836	-3.977899	5.345458	1
-3.968842	5.355836	-3.964356	5.360864	9
-3.968842	5.355836	-3.961623	5.344896	1
-3.968842	5.355836	-3.980657	5.36154	1
-3.968842	5.355836	-3.976629	5.353939	2
-3.968842	5.355836	-3.970887	5.36474	5
-3.997956	5.335125	-4.000633	5.334601	7
-3.997956	5.335125	-3.999637	5.371768	2
-3.997956	5.335125	-4.007751	5.329997	2
-3.997956	5.335125	-4.004406	5.340151	6
-3.997956	5.335125	-3.996917	5.338776	10
-3.997956	5.335125	-4.006379	5.342979	1
-3.99997	5.403825	-4.000592	5.411181	3
-3.99997	5.403825	-4.004014	5.396899	2
-3.99997	5.403825	-4.006083	5.402037	1
-3.99997	5.403825	-3.99805	5.407898	4
-3.99997	5.403825	-3.99589	5.400109	3
-4.059227	5.436523	-4.054454	5.452798	2
-4.059227	5.436523	-4.063565	5.445851	5
-4.02071	5.355059	-4.015731	5.357661	1
-4.02071	5.355059	-4.023854	5.356878	3
-4.02071	5.355059	-4.023316	5.353329	1
-4.02071	5.355059	-4.014304	5.342935	1
-4.101965	5.32932	-4.098681	5.341738	1
-4.101965	5.32932	-4.098707	5.321568	12
-4.101965	5.32932	-4.106697	5.33492	4
-4.101965	5.32932	-4.110586	5.330667	3
-4.101965	5.32932	-4.089827	5.33062	2
-4.101965	5.32932	-4.094236	5.334197	2
-4.101965	5.32932	-4.09802	5.316675	1
-5.281512	6.698118	-5.380955	6.728269	1
-6.162711	7.595659	-6.103152	7.759529	1
-3.993232	5.354921	-3.998696	5.348125	1
-3.993232	5.354921	-3.968803	5.348878	1
-3.993232	5.354921	-3.989137	5.363434	1
-3.993232	5.354921	-3.968842	5.355836	1
-3.993232	5.354921	-3.986897	5.352943	2
-3.993232	5.354921	-4.0155	5.353386	1
-3.993232	5.354921	-3.99866	5.3584	3
-3.993232	5.354921	-3.990324	5.372785	1
-3.966466	5.370573	-3.951586	5.370134	4
-3.966466	5.370573	-3.979273	5.366714	1
-3.966466	5.370573	-3.956748	5.378876	10
-3.966466	5.370573	-3.953847	5.362749	2
-3.966466	5.370573	-3.956538	5.370529	9
-3.966466	5.370573	-3.960988	5.363379	1
-3.966466	5.370573	-3.970119	5.372886	24
-3.966466	5.370573	-3.964356	5.360864	8
-3.966466	5.370573	-3.967674	5.384017	4
-3.966466	5.370573	-3.970887	5.36474	3
-3.966466	5.370573	-3.978126	5.37435	1
-3.966466	5.370573	-3.978407	5.402154	1
-3.966466	5.370573	-3.957371	5.358006	1
-6.406859	6.81041	-6.442098	6.856231	1
-6.78784	5.760175	-6.646964	5.610841	1
-6.78784	5.760175	-6.891037	5.640617	1
-4.078347	5.318462	-4.073871	5.333064	1
-4.078347	5.318462	-4.088784	5.312996	2
-4.078347	5.318462	-4.088085	5.321261	5
-4.078347	5.318462	-4.073926	5.329682	1
-4.078347	5.318462	-4.080665	5.323305	18
-4.078347	5.318462	-4.089827	5.33062	1
-4.078347	5.318462	-4.060124	5.318207	1
-4.078347	5.318462	-4.07045	5.322654	11
-4.078347	5.318462	-4.09802	5.316675	1
-4.078347	5.318462	-4.088099	5.307023	9
-6.432639	6.893828	-6.462767	6.87289	3
-6.432639	6.893828	-6.445289	6.903603	15
-6.432639	6.893828	-6.450498	6.886308	3
-6.432639	6.893828	-6.433916	6.865056	1
-6.432639	6.893828	-6.44185	6.871595	5
-6.056476	6.116848	-5.973374	6.121154	2
-8.125467	7.027796	-8.111105	6.921308	1
-5.640454	9.444401	-5.625662	9.474096	4
-5.640454	9.444401	-5.649694	9.460815	1
-5.640454	9.444401	-5.630547	9.453492	3
-5.640454	9.444401	-5.623402	9.420328	12
-4.073926	5.329682	-4.08849	5.333922	6
-4.073926	5.329682	-4.073871	5.333064	39
-4.073926	5.329682	-4.074105	5.330317	1
-4.073926	5.329682	-4.078347	5.318462	3
-4.073926	5.329682	-4.07382	5.342848	2
-4.073926	5.329682	-4.069722	5.326284	4
-4.073926	5.329682	-4.088085	5.321261	2
-4.073926	5.329682	-4.065106	5.331971	2
-4.073926	5.329682	-4.101965	5.32932	1
-4.073926	5.329682	-4.080665	5.323305	10
-4.073926	5.329682	-4.07045	5.322654	1
-4.073926	5.329682	-4.078238	5.342349	1
-4.073926	5.329682	-4.08183	5.331853	18
-4.073926	5.329682	-4.088099	5.307023	1
-3.946385	5.34052	-3.940107	5.35375	5
-3.946385	5.34052	-3.9465	5.334642	3
-7.24635	6.75977	-7.104274	6.726616	1
-7.24635	6.75977	-7.346521	6.745932	1
-5.274026	6.825037	-5.270035	6.807758	1
-5.274026	6.825037	-5.260911	6.809881	1
-5.274026	6.825037	-5.275967	6.818977	14
-5.274026	6.825037	-5.29165	6.824332	2
-5.274026	6.825037	-5.261862	6.821173	4
-5.274026	6.825037	-5.257207	6.840956	27
-5.274026	6.825037	-5.253321	6.820784	1
-3.025978	5.140762	-3.108281	5.156429	1
-4.836461	5.8993	-4.769442	5.855244	1
-5.962343	5.192678	-6.065527	5.256029	1
-5.225292	7.140274	-5.268273	7.030907	1
-5.225292	7.140274	-5.226838	7.160973	13
-5.225292	7.140274	-5.073717	7.097454	1
-5.226838	7.160973	-5.225292	7.140274	15
-7.444431	7.376089	-7.445185	7.294163	1
-5.868789	6.090734	-5.799253	6.041612	1
-6.194959	8.070381	-6.188025	8.057509	1
-5.642838	6.343247	-5.549091	6.416902	1
-3.943354	5.329308	-3.922745	5.358844	1
-3.943354	5.329308	-3.815094	5.296401	1
-3.943354	5.329308	-3.947516	5.310266	3
-3.943354	5.329308	-3.958797	5.326502	12
-3.943354	5.329308	-3.946385	5.34052	1
-3.943354	5.329308	-3.960988	5.363379	1
-3.943354	5.329308	-3.937196	5.306728	1
-3.943354	5.329308	-3.9465	5.334642	18
-3.943354	5.329308	-3.960442	5.336617	1
-7.682574	8.286433	-7.6837	8.275936	2
-7.6837	8.275936	-7.682574	8.286433	4
-6.519713	5.293636	-6.562302	5.137364	1
-6.519713	5.293636	-6.644302	5.243337	1
-4.80471	5.149611	-4.643405	5.175587	1
-5.017079	6.554245	-4.984303	6.49995	1
-5.017079	6.554245	-5.015629	6.562483	26
-4.536995	5.300141	-4.643405	5.175587	3
-5.01455	7.67953	-5.004701	7.684258	7
-5.01455	7.67953	-5.031158	7.681516	11
-5.01455	7.67953	-5.023201	7.661988	4
-4.059708	5.328403	-4.049699	5.332281	1
-4.059708	5.328403	-4.057111	5.333743	3
-4.059708	5.328403	-4.073926	5.329682	1
-4.059708	5.328403	-4.065106	5.331971	3
-4.059708	5.328403	-4.057114	5.339667	3
-4.059708	5.328403	-4.062846	5.345727	1
-4.059708	5.328403	-4.044807	5.32148	1
-4.059708	5.328403	-4.07045	5.322654	2
-4.051642	5.460177	-4.055642	5.476997	1
-4.051642	5.460177	-4.054454	5.452798	6
-4.076574	5.363365	-4.064887	5.35407	1
-4.076574	5.363365	-4.054213	5.356424	1
-4.736053	6.662581	-4.705146	6.647368	1
-5.582278	7.666136	-5.570656	7.679088	14
-3.976829	5.351453	-3.968842	5.355836	2
-3.976829	5.351453	-3.968803	5.348878	2
-3.976829	5.351453	-3.976629	5.353939	3
-4.018149	5.431777	-4.015951	5.433888	3
-4.018149	5.431777	-4.02693	5.433253	4
-4.018149	5.431777	-4.014445	5.42112	5
-4.018149	5.431777	-4.010331	5.433724	3
-4.018149	5.431777	-4.019121	5.42385	1
-4.018149	5.431777	-4.013611	5.438612	1
-4.018149	5.431777	-4.024204	5.438757	1
-4.073444	5.339271	-4.062846	5.345727	2
-4.073444	5.339271	-4.07382	5.342848	1
-4.073444	5.339271	-4.073871	5.333064	1
-4.01321	5.413054	-4.014445	5.42112	6
-4.01321	5.413054	-4.000748	5.374202	1
-4.01321	5.413054	-4.007219	5.418145	1
-4.01321	5.413054	-4.012103	5.409001	4
-4.067936	5.346604	-4.069498	5.346651	7
-4.067936	5.346604	-4.062846	5.345727	6
-4.067936	5.346604	-4.07382	5.342848	2
-4.021973	5.366494	-3.993941	5.375575	1
-4.021973	5.366494	-4.014643	5.365073	5
-4.021973	5.366494	-4.025338	5.377405	2
-4.021973	5.366494	-4.020949	5.357459	3
-4.021973	5.366494	-4.030648	5.362591	1
-4.106697	5.33492	-4.111146	5.325874	2
-4.106697	5.33492	-4.115737	5.323931	1
-4.106697	5.33492	-4.098681	5.341738	19
-4.106697	5.33492	-4.098707	5.321568	1
-4.106697	5.33492	-4.110586	5.330667	5
-4.106697	5.33492	-4.101965	5.32932	3
-4.106697	5.33492	-4.062846	5.345727	1
-4.106697	5.33492	-4.094236	5.334197	2
-4.106697	5.33492	-4.054213	5.356424	1
-4.106697	5.33492	-4.09802	5.316675	1
-6.600531	5.959034	-6.595686	5.940536	2
-3.649335	6.189947	-3.649513	6.151548	1
-3.968872	5.392038	-3.973996	5.396387	3
-3.968872	5.392038	-3.977956	5.390427	3
-3.968872	5.392038	-3.978407	5.402154	2
-5.257207	6.840956	-5.270035	6.807758	2
-5.257207	6.840956	-5.230336	6.884146	1
-5.257207	6.840956	-5.260911	6.809881	9
-5.257207	6.840956	-5.243342	6.822054	3
-5.257207	6.840956	-5.253321	6.820784	13
-5.257207	6.840956	-5.275967	6.818977	6
-5.257207	6.840956	-5.29165	6.824332	2
-5.257207	6.840956	-5.261862	6.821173	7
-5.257207	6.840956	-5.274026	6.825037	25
-5.257207	6.840956	-5.243575	6.865502	3
-5.257207	6.840956	-5.073717	7.097454	1
-3.630282	5.252063	-3.596764	5.261879	1
-4.007219	5.418145	-4.010147	5.42625	1
-4.007219	5.418145	-3.999674	5.423816	3
-4.007219	5.418145	-3.992448	5.436594	1
-4.007219	5.418145	-4.005636	5.414592	2
-4.007219	5.418145	-4.014445	5.42112	3
-4.07045	5.322654	-4.073926	5.329682	2
-4.07045	5.322654	-4.078347	5.318462	10
-4.07045	5.322654	-4.069722	5.326284	11
-4.07045	5.322654	-4.088085	5.321261	1
-4.07045	5.322654	-4.065106	5.331971	1
-4.07045	5.322654	-4.060124	5.318207	6
-4.078238	5.342349	-4.07382	5.342848	11
-4.078238	5.342349	-4.073926	5.329682	2
-4.078238	5.342349	-4.064887	5.35407	1
-4.089831	5.366032	-4.076574	5.363365	1
-4.089831	5.366032	-4.098191	5.361681	1
-7.48596	6.22228	-7.488701	6.202634	3
-6.036881	6.926087	-6.051272	6.924573	2
-5.260911	6.809881	-5.270035	6.807758	18
-5.260911	6.809881	-5.250039	6.802218	1
-5.260911	6.809881	-5.243342	6.822054	3
-5.260911	6.809881	-5.275967	6.818977	13
-5.260911	6.809881	-5.261862	6.821173	16
-5.260911	6.809881	-5.274026	6.825037	4
-5.260911	6.809881	-5.257207	6.840956	9
-5.260911	6.809881	-5.215331	6.761555	1
-5.260911	6.809881	-5.253321	6.820784	31
-5.380955	6.728269	-5.489291	6.722429	1
-5.380955	6.728269	-5.281512	6.698118	1
-6.060696	7.430141	-6.040607	7.430058	8
-5.356759	6.4316	-5.549091	6.416902	1
-5.356759	6.4316	-5.417676	6.385409	1
-5.356759	6.4316	-5.217724	6.370207	1
-2.816409	8.047891	-2.801975	8.042674	16
-3.37261	6.4347	-3.349588	6.364953	1
-5.418121	6.885821	-5.297313	6.889354	1
-3.958031	7.054591	-3.968235	7.064204	1
-3.958031	7.054591	-3.965796	7.055639	29
-3.9465	5.334642	-3.922745	5.358844	2
-3.9465	5.334642	-3.913602	5.341612	1
-3.9465	5.334642	-3.94374	5.309186	3
-3.9465	5.334642	-3.947516	5.310266	1
-3.9465	5.334642	-3.943354	5.329308	17
-3.9465	5.334642	-3.958797	5.326502	4
-3.9465	5.334642	-3.946385	5.34052	4
-3.9465	5.334642	-3.957629	5.310841	1
-3.9465	5.334642	-3.960442	5.336617	1
-6.594385	5.890346	-6.595686	5.940536	1
-6.594385	5.890346	-6.660906	6.022803	1
-4.081445	5.369224	-4.075927	5.373855	1
-5.467192	5.769567	-5.466395	5.673988	2
-5.467192	5.769567	-5.358733	5.827758	1
-5.716071	6.0531	-5.705257	6.221361	1
-5.073717	7.097454	-5.034828	7.092473	1
-5.073717	7.097454	-5.257207	6.840956	1
-3.991798	5.379097	-3.994207	5.396479	1
-3.991798	5.379097	-3.987795	5.387504	13
-3.991798	5.379097	-3.990324	5.372785	1
-3.991798	5.379097	-3.993941	5.375575	3
-3.991798	5.379097	-3.989324	5.394109	1
-3.991798	5.379097	-3.998567	5.386569	2
-3.991798	5.379097	-4.000748	5.374202	2
-3.991798	5.379097	-4.006901	5.394319	1
-3.991798	5.379097	-3.993232	5.354921	1
-3.991798	5.379097	-3.998233	5.324333	1
-3.991798	5.379097	-4.054213	5.356424	1
-6.612299	6.213366	-6.522211	6.180779	1
-6.612299	6.213366	-6.490724	6.392517	1
-6.280406	6.482835	-6.271604	6.492347	3
-4.004014	5.396899	-3.994207	5.396479	2
-4.004014	5.396899	-4.006901	5.394319	3
-4.004014	5.396899	-3.987795	5.387504	1
-4.004014	5.396899	-4.006083	5.402037	32
-4.004014	5.396899	-3.99997	5.403825	1
-4.004014	5.396899	-3.99589	5.400109	11
-4.004014	5.396899	-3.993941	5.375575	1
-4.004014	5.396899	-3.999637	5.371768	1
-4.004014	5.396899	-4.010922	5.399818	1
-6.040607	7.430058	-6.060696	7.430141	9
